2026-01-25T07:43:39.854533+00:00 WARNING 'ansible_navigator.image_manager.puller._log_message' Image inspection failed, image assumed to be corrupted or missing
2026-01-25T07:43:39.855365+00:00 WARNING 'ansible_navigator.image_manager.puller._log_message' stdout: []

2026-01-25T07:43:39.855439+00:00 WARNING 'ansible_navigator.image_manager.puller._log_message' stderr: time="2026-01-25T13:28:39+05:45" level=warning msg="The cgroupv2 manager is set to systemd but there is no systemd user session available"
time="2026-01-25T13:28:39+05:45" level=warning msg="For using systemd, you may need to log in using a user session"
time="2026-01-25T13:28:39+05:45" level=warning msg="Alternatively, you can enable lingering with: `loginctl enable-linger 1001` (possibly as root)"
time="2026-01-25T13:28:39+05:45" level=warning msg="Falling back to --cgroup-manager=cgroupfs"
Error: registry.redhat.io/ansible-automation-platform-26/ee-supported-rhel9:latest: image not known
time="2026-01-25T13:28:39+05:45" level=warning msg="Failed to add pause process to systemd sandbox cgroup: dbus: couldn't determine address of session bus"

2026-01-25T07:43:41.896591+00:00 ERROR 'ansible_navigator.image_manager.puller._log_message' Execution environment pull failed
2026-01-25T07:46:27.272452+00:00 WARNING 'ansible_navigator.image_manager.puller._log_message' Image inspection failed, image assumed to be corrupted or missing
2026-01-25T07:46:27.272862+00:00 WARNING 'ansible_navigator.image_manager.puller._log_message' stdout: []

2026-01-25T07:46:27.272964+00:00 WARNING 'ansible_navigator.image_manager.puller._log_message' stderr: time="2026-01-25T13:31:27+05:45" level=warning msg="The cgroupv2 manager is set to systemd but there is no systemd user session available"
time="2026-01-25T13:31:27+05:45" level=warning msg="For using systemd, you may need to log in using a user session"
time="2026-01-25T13:31:27+05:45" level=warning msg="Alternatively, you can enable lingering with: `loginctl enable-linger 1001` (possibly as root)"
time="2026-01-25T13:31:27+05:45" level=warning msg="Falling back to --cgroup-manager=cgroupfs"
time="2026-01-25T13:31:27+05:45" level=warning msg="The cgroupv2 manager is set to systemd but there is no systemd user session available"
time="2026-01-25T13:31:27+05:45" level=warning msg="For using systemd, you may need to log in using a user session"
time="2026-01-25T13:31:27+05:45" level=warning msg="Alternatively, you can enable lingering with: `loginctl enable-linger 1001` (possibly as root)"
time="2026-01-25T13:31:27+05:45" level=warning msg="Falling back to --cgroup-manager=cgroupfs"
Error: registry.redhat.io/ansible-automation-platform-26/ee-supported-rhel9:latest: image not known

2026-01-25T07:49:50.563160+00:00 WARNING 'ansible_navigator.image_manager.puller._log_message' Image inspection failed, image assumed to be corrupted or missing
2026-01-25T07:49:50.563549+00:00 WARNING 'ansible_navigator.image_manager.puller._log_message' stdout: []

2026-01-25T07:49:50.563644+00:00 WARNING 'ansible_navigator.image_manager.puller._log_message' stderr: time="2026-01-25T13:34:50+05:45" level=warning msg="The cgroupv2 manager is set to systemd but there is no systemd user session available"
time="2026-01-25T13:34:50+05:45" level=warning msg="For using systemd, you may need to log in using a user session"
time="2026-01-25T13:34:50+05:45" level=warning msg="Alternatively, you can enable lingering with: `loginctl enable-linger 1001` (possibly as root)"
time="2026-01-25T13:34:50+05:45" level=warning msg="Falling back to --cgroup-manager=cgroupfs"
time="2026-01-25T13:34:50+05:45" level=warning msg="The cgroupv2 manager is set to systemd but there is no systemd user session available"
time="2026-01-25T13:34:50+05:45" level=warning msg="For using systemd, you may need to log in using a user session"
time="2026-01-25T13:34:50+05:45" level=warning msg="Alternatively, you can enable lingering with: `loginctl enable-linger 1001` (possibly as root)"
time="2026-01-25T13:34:50+05:45" level=warning msg="Falling back to --cgroup-manager=cgroupfs"
Error: registry.redhat.io/ansible-automation-platform-26/ee-supported-rhel9:latest: image not known

2026-01-25T07:59:02.183166+00:00 CRITICAL 'ansible_navigator.actions.run_14ef._handle_message' Unhandled message from runner queue, discarded: {'event': 'verbose', 'uuid': 'af02711f-5212-48de-b3a9-b85c8d179937', 'counter': 1, 'stdout': '\x1b[33mWARN\x1b[0m[0000] The cgroupv2 manager is set to systemd but there is no systemd user session available ', 'start_line': 0, 'end_line': 1, 'runner_ident': 'e0d80500-2de8-4b63-8e0e-c19c06ab14a8', 'created': '2026-01-25T07:59:02.181296+00:00'}
2026-01-25T07:59:02.183865+00:00 CRITICAL 'ansible_navigator.actions.run_14ef._handle_message' Unhandled message from runner queue, discarded: {'event': 'verbose', 'uuid': '0239b9fe-8129-4d0a-a402-b5c77272eefb', 'counter': 2, 'stdout': '\x1b[33mWARN\x1b[0m[0000] For using systemd, you may need to log in using a user session ', 'start_line': 1, 'end_line': 2, 'runner_ident': 'e0d80500-2de8-4b63-8e0e-c19c06ab14a8', 'created': '2026-01-25T07:59:02.181595+00:00'}
2026-01-25T07:59:02.184098+00:00 CRITICAL 'ansible_navigator.actions.run_14ef._handle_message' Unhandled message from runner queue, discarded: {'event': 'verbose', 'uuid': '9178747c-6d1d-4aac-a20f-fc64659803cc', 'counter': 3, 'stdout': '\x1b[33mWARN\x1b[0m[0000] Alternatively, you can enable lingering with: `loginctl enable-linger 1001` (possibly as root) ', 'start_line': 2, 'end_line': 3, 'runner_ident': 'e0d80500-2de8-4b63-8e0e-c19c06ab14a8', 'created': '2026-01-25T07:59:02.181698+00:00'}
2026-01-25T07:59:02.184191+00:00 CRITICAL 'ansible_navigator.actions.run_14ef._handle_message' Unhandled message from runner queue, discarded: {'event': 'verbose', 'uuid': '204634b5-26fc-46bf-89bb-96f7356955c9', 'counter': 4, 'stdout': '\x1b[33mWARN\x1b[0m[0000] Falling back to --cgroup-manager=cgroupfs    ', 'start_line': 3, 'end_line': 4, 'runner_ident': 'e0d80500-2de8-4b63-8e0e-c19c06ab14a8', 'created': '2026-01-25T07:59:02.181778+00:00'}
2026-01-25T07:59:02.290175+00:00 CRITICAL 'ansible_navigator.actions.run_14ef._handle_message' Unhandled message from runner queue, discarded: {'event': 'verbose', 'uuid': 'abb2edef-2dd7-494c-87d0-253060460043', 'counter': 5, 'stdout': '\x1b[33mWARN\x1b[0m[0000] The cgroupv2 manager is set to systemd but there is no systemd user session available ', 'start_line': 4, 'end_line': 5, 'runner_ident': 'e0d80500-2de8-4b63-8e0e-c19c06ab14a8', 'created': '2026-01-25T07:59:02.225595+00:00'}
2026-01-25T07:59:02.290371+00:00 CRITICAL 'ansible_navigator.actions.run_14ef._handle_message' Unhandled message from runner queue, discarded: {'event': 'verbose', 'uuid': '585adcc5-9346-46e3-80dc-158ed68a28ed', 'counter': 6, 'stdout': '\x1b[33mWARN\x1b[0m[0000] For using systemd, you may need to log in using a user session ', 'start_line': 5, 'end_line': 6, 'runner_ident': 'e0d80500-2de8-4b63-8e0e-c19c06ab14a8', 'created': '2026-01-25T07:59:02.225733+00:00'}
2026-01-25T07:59:02.290654+00:00 CRITICAL 'ansible_navigator.actions.run_14ef._handle_message' Unhandled message from runner queue, discarded: {'event': 'verbose', 'uuid': '1be127d3-0e92-45e9-a757-ff57cb8b303e', 'counter': 7, 'stdout': '\x1b[33mWARN\x1b[0m[0000] Alternatively, you can enable lingering with: `loginctl enable-linger 1001` (possibly as root) ', 'start_line': 6, 'end_line': 7, 'runner_ident': 'e0d80500-2de8-4b63-8e0e-c19c06ab14a8', 'created': '2026-01-25T07:59:02.226868+00:00'}
2026-01-25T07:59:02.290840+00:00 CRITICAL 'ansible_navigator.actions.run_14ef._handle_message' Unhandled message from runner queue, discarded: {'event': 'verbose', 'uuid': 'b9cfe2dc-fdd7-44bd-a8d8-9511a8cec373', 'counter': 8, 'stdout': '\x1b[33mWARN\x1b[0m[0000] Falling back to --cgroup-manager=cgroupfs    ', 'start_line': 7, 'end_line': 8, 'runner_ident': 'e0d80500-2de8-4b63-8e0e-c19c06ab14a8', 'created': '2026-01-25T07:59:02.226990+00:00'}
2026-01-25T07:59:05.298964+00:00 ERROR 'ansible_navigator.actions.run_14ef.run' Can not step back while playbook in progress, :q! to exit
2026-01-25T07:59:05.838293+00:00 ERROR 'ansible_navigator.actions.run_14ef.run' Can not step back while playbook in progress, :q! to exit
2026-01-25T07:59:05.943460+00:00 CRITICAL 'ansible_navigator.actions.run_14ef._handle_message' Unhandled message from runner queue, discarded: {'event': 'verbose', 'uuid': 'a54f9dc5-5366-4b88-9113-defd617611f5', 'counter': 9, 'stdout': '\x1b[0;31mERROR! the playbook: playbook.yml could not be found\x1b[0m', 'start_line': 8, 'end_line': 9, 'runner_ident': 'e0d80500-2de8-4b63-8e0e-c19c06ab14a8', 'created': '2026-01-25T07:59:05.880177+00:00'}
2026-01-25T07:59:06.075654+00:00 ERROR 'ansible_navigator.actions.run_14ef.run' Can not step back while playbook in progress, :q! to exit
2026-01-25T11:58:08.019507+00:00 INFO 'ansible_navigator.setup_logger' New ansible-navigator instance, logging initialized
2026-01-25T11:58:08.020012+00:00 INFO 'ansible_navigator.setup_logger' New ansible-runner instance, logging initialized
2026-01-25T11:58:08.020103+00:00 DEBUG 'ansible_navigator.main' Brlapi==0.8.5 
2026-01-25T11:58:08.020147+00:00 DEBUG 'ansible_navigator.main' MarkupSafe==2.1.3 
2026-01-25T11:58:08.020180+00:00 DEBUG 'ansible_navigator.main' Parsley==1.3 
2026-01-25T11:58:08.020212+00:00 DEBUG 'ansible_navigator.main' PyYAML==6.0.1 
2026-01-25T11:58:08.020241+00:00 DEBUG 'ansible_navigator.main' SSSDConfig==2.11.1 /usr/lib/python3.12/site-packages/SSSDConfig/__init__.py
2026-01-25T11:58:08.020270+00:00 DEBUG 'ansible_navigator.main' ansible-builder==3.1.1 
2026-01-25T11:58:08.020296+00:00 DEBUG 'ansible_navigator.main' ansible-compat==25.12.0 
2026-01-25T11:58:08.020343+00:00 DEBUG 'ansible_navigator.main' ansible-core==2.16.14 
2026-01-25T11:58:08.020369+00:00 DEBUG 'ansible_navigator.main' ansible-lint==25.12.0 
2026-01-25T11:58:08.020394+00:00 DEBUG 'ansible_navigator.main' ansible-navigator==25.12.0 
2026-01-25T11:58:08.020421+00:00 DEBUG 'ansible_navigator.main' ansible-runner==2.4.2 
2026-01-25T11:58:08.020449+00:00 DEBUG 'ansible_navigator.main' argcomplete==3.2.2 /usr/lib/python3.12/site-packages/argcomplete/__init__.py
2026-01-25T11:58:08.020476+00:00 DEBUG 'ansible_navigator.main' bindep==2.13.0 /usr/lib/python3.12/site-packages/bindep/__init__.py
2026-01-25T11:58:08.020502+00:00 DEBUG 'ansible_navigator.main' cffi==1.16.0 /usr/lib64/python3.12/site-packages/cffi/__init__.py
2026-01-25T11:58:08.020526+00:00 DEBUG 'ansible_navigator.main' charset-normalizer==3.4.2 
2026-01-25T11:58:08.020551+00:00 DEBUG 'ansible_navigator.main' click==8.1.7 /usr/lib/python3.12/site-packages/click/__init__.py
2026-01-25T11:58:08.020575+00:00 DEBUG 'ansible_navigator.main' cupshelpers==1.0 /usr/lib/python3.12/site-packages/cupshelpers/__init__.py
2026-01-25T11:58:08.020600+00:00 DEBUG 'ansible_navigator.main' dasbus==1.7 /usr/lib/python3.12/site-packages/dasbus/__init__.py
2026-01-25T11:58:08.020625+00:00 DEBUG 'ansible_navigator.main' dbus-python==1.3.2 
2026-01-25T11:58:08.020650+00:00 DEBUG 'ansible_navigator.main' decorator==5.1.1 /usr/lib/python3.12/site-packages/decorator.py
2026-01-25T11:58:08.020674+00:00 DEBUG 'ansible_navigator.main' distro==1.9.0 /usr/lib/python3.12/site-packages/distro/__init__.py
2026-01-25T11:58:08.020699+00:00 DEBUG 'ansible_navigator.main' file-magic==0.4.0 
2026-01-25T11:58:08.020725+00:00 DEBUG 'ansible_navigator.main' gssapi==1.7.3 /usr/lib64/python3.12/site-packages/gssapi/__init__.py
2026-01-25T11:58:08.020749+00:00 DEBUG 'ansible_navigator.main' ifaddr==0.2.0 /usr/lib/python3.12/site-packages/ifaddr/__init__.py
2026-01-25T11:58:08.020775+00:00 DEBUG 'ansible_navigator.main' iniparse==0.5 /usr/lib/python3.12/site-packages/iniparse/__init__.py
2026-01-25T11:58:08.020829+00:00 DEBUG 'ansible_navigator.main' ipaclient==4.12.2 /usr/lib/python3.12/site-packages/ipaclient/__init__.py
2026-01-25T11:58:08.020870+00:00 DEBUG 'ansible_navigator.main' ipalib==4.12.2 /usr/lib/python3.12/site-packages/ipalib/__init__.py
2026-01-25T11:58:08.020899+00:00 DEBUG 'ansible_navigator.main' ipaplatform==4.12.2 /usr/lib/python3.12/site-packages/ipaplatform/__init__.py
2026-01-25T11:58:08.020926+00:00 DEBUG 'ansible_navigator.main' ipapython==4.12.2 /usr/lib/python3.12/site-packages/ipapython/__init__.py
2026-01-25T11:58:08.020995+00:00 DEBUG 'ansible_navigator.main' jwcrypto==1.5.6 /usr/lib/python3.12/site-packages/jwcrypto/__init__.py
2026-01-25T11:58:08.021045+00:00 DEBUG 'ansible_navigator.main' libcomps==0.1.21 /usr/lib64/python3.12/site-packages/libcomps/__init__.py
2026-01-25T11:58:08.021070+00:00 DEBUG 'ansible_navigator.main' lockfile==0.12.2 /usr/lib/python3.12/site-packages/lockfile/__init__.py
2026-01-25T11:58:08.021095+00:00 DEBUG 'ansible_navigator.main' louis==3.28.0 /usr/lib/python3.12/site-packages/louis/__init__.py
2026-01-25T11:58:08.021119+00:00 DEBUG 'ansible_navigator.main' lxml==5.2.1 /usr/lib64/python3.12/site-packages/lxml/__init__.py
2026-01-25T11:58:08.021143+00:00 DEBUG 'ansible_navigator.main' mypy_extensions==1.0.0 /usr/lib/python3.12/site-packages/mypy_extensions.py
2026-01-25T11:58:08.021167+00:00 DEBUG 'ansible_navigator.main' netaddr==1.3.0 /usr/lib/python3.12/site-packages/netaddr/__init__.py
2026-01-25T11:58:08.021190+00:00 DEBUG 'ansible_navigator.main' nftables==0.1 /usr/lib/python3.12/site-packages/nftables/__init__.py
2026-01-25T11:58:08.021214+00:00 DEBUG 'ansible_navigator.main' onigurumacffi==1.3.0 /usr/lib64/python3.12/site-packages/onigurumacffi.py
2026-01-25T11:58:08.021239+00:00 DEBUG 'ansible_navigator.main' pbr==6.0.0 /usr/lib/python3.12/site-packages/pbr/__init__.py
2026-01-25T11:58:08.021264+00:00 DEBUG 'ansible_navigator.main' perf==0.1 /usr/lib64/python3.12/site-packages/perf.cpython-312-x86_64-linux-gnu.so
2026-01-25T11:58:08.021289+00:00 DEBUG 'ansible_navigator.main' pexpect==4.9.0 /usr/lib/python3.12/site-packages/pexpect/__init__.py
2026-01-25T11:58:08.021315+00:00 DEBUG 'ansible_navigator.main' ply==3.11 /usr/lib/python3.12/site-packages/ply/__init__.py
2026-01-25T11:58:08.021339+00:00 DEBUG 'ansible_navigator.main' pyasn1==0.6.1 /usr/lib/python3.12/site-packages/pyasn1/__init__.py
2026-01-25T11:58:08.021363+00:00 DEBUG 'ansible_navigator.main' pyasn1_modules==0.4.1 /usr/lib/python3.12/site-packages/pyasn1_modules/__init__.py
2026-01-25T11:58:08.021387+00:00 DEBUG 'ansible_navigator.main' pycairo==1.25.1 
2026-01-25T11:58:08.021411+00:00 DEBUG 'ansible_navigator.main' pycparser==2.20 /usr/lib/python3.12/site-packages/pycparser/__init__.py
2026-01-25T11:58:08.021434+00:00 DEBUG 'ansible_navigator.main' pycups==2.0.1 
2026-01-25T11:58:08.021458+00:00 DEBUG 'ansible_navigator.main' pyinotify==0.9.6 /usr/lib/python3.12/site-packages/pyinotify.py
2026-01-25T11:58:08.021482+00:00 DEBUG 'ansible_navigator.main' python-augeas==1.1.0 
2026-01-25T11:58:08.021505+00:00 DEBUG 'ansible_navigator.main' python-daemon==3.1.2 
2026-01-25T11:58:08.021528+00:00 DEBUG 'ansible_navigator.main' python-dateutil==2.9.0.post0 
2026-01-25T11:58:08.021551+00:00 DEBUG 'ansible_navigator.main' python-ldap==3.4.4 
2026-01-25T11:58:08.021576+00:00 DEBUG 'ansible_navigator.main' python-linux-procfs==0.7.3 
2026-01-25T11:58:08.021600+00:00 DEBUG 'ansible_navigator.main' python-pam==2.0.2 
2026-01-25T11:58:08.021626+00:00 DEBUG 'ansible_navigator.main' python-yubico==1.3.3 
2026-01-25T11:58:08.021651+00:00 DEBUG 'ansible_navigator.main' pyudev==0.24.1 /usr/lib/python3.12/site-packages/pyudev/__init__.py
2026-01-25T11:58:08.021679+00:00 DEBUG 'ansible_navigator.main' pyusb==1.2.1 
2026-01-25T11:58:08.021704+00:00 DEBUG 'ansible_navigator.main' pyynl==0.0.1 /usr/lib/python3.12/site-packages/pyynl/__init__.py
2026-01-25T11:58:08.021728+00:00 DEBUG 'ansible_navigator.main' qrcode==7.4.2 /usr/lib/python3.12/site-packages/qrcode/__init__.py
2026-01-25T11:58:08.021751+00:00 DEBUG 'ansible_navigator.main' requests==2.32.4 /usr/lib/python3.12/site-packages/requests/__init__.py
2026-01-25T11:58:08.021774+00:00 DEBUG 'ansible_navigator.main' resolvelib==1.0.1 /usr/lib/python3.12/site-packages/resolvelib/__init__.py
2026-01-25T11:58:08.021819+00:00 DEBUG 'ansible_navigator.main' ruamel.yaml.clib==0.2.15 
2026-01-25T11:58:08.021853+00:00 DEBUG 'ansible_navigator.main' ruamel.yaml==0.18.15 /usr/lib/python3.12/site-packages/ruamel/yaml/__init__.py
2026-01-25T11:58:08.021879+00:00 DEBUG 'ansible_navigator.main' selinux==3.9 /usr/lib64/python3.12/site-packages/selinux/__init__.py
2026-01-25T11:58:08.021912+00:00 DEBUG 'ansible_navigator.main' sepolicy==3.9 /usr/lib/python3.12/site-packages/sepolicy/__init__.py
2026-01-25T11:58:08.021960+00:00 DEBUG 'ansible_navigator.main' setools==4.5.1 /usr/lib64/python3.12/site-packages/setools/__init__.py
2026-01-25T11:58:08.022155+00:00 DEBUG 'ansible_navigator.main' setroubleshoot==3.3.33 /usr/lib/python3.12/site-packages/setroubleshoot/__init__.py
2026-01-25T11:58:08.022224+00:00 DEBUG 'ansible_navigator.main' setuptools==69.0.3 /usr/lib/python3.12/site-packages/setuptools/__init__.py
2026-01-25T11:58:08.022269+00:00 DEBUG 'ansible_navigator.main' six==1.16.0 /usr/lib/python3.12/site-packages/six.py
2026-01-25T11:58:08.022330+00:00 DEBUG 'ansible_navigator.main' sos==4.10.1 /usr/lib/python3.12/site-packages/sos/__init__.py
2026-01-25T11:58:08.022364+00:00 DEBUG 'ansible_navigator.main' subprocess-tee==0.4.2 
2026-01-25T11:58:08.022398+00:00 DEBUG 'ansible_navigator.main' subscription-manager==1.30.10.1 
2026-01-25T11:58:08.022430+00:00 DEBUG 'ansible_navigator.main' systemd-python==235 
2026-01-25T11:58:08.022461+00:00 DEBUG 'ansible_navigator.main' urllib3==1.26.19 /usr/lib/python3.12/site-packages/urllib3/__init__.py
2026-01-25T11:58:08.022493+00:00 DEBUG 'ansible_navigator.main' yamllint==1.35.1 /usr/lib/python3.12/site-packages/yamllint/__init__.py
2026-01-25T11:58:08.022524+00:00 DEBUG 'ansible_navigator.main' Default collection_doc_cache_path set to: /home/ansible/.cache/ansible-navigator/collection_doc_cache.db
2026-01-25T11:58:08.022555+00:00 DEBUG 'ansible_navigator.main' EDITOR environment variable not set
2026-01-25T11:58:08.022586+00:00 DEBUG 'ansible_navigator.main' Default editor_command set to: vi +{line_number} {filename}
2026-01-25T11:58:08.022616+00:00 DEBUG 'ansible_navigator.main' No config file set by ANSIBLE_NAVIGATOR_CONFIG
2026-01-25T11:58:08.022646+00:00 DEBUG 'ansible_navigator.main' Looking in /home/ansible/.ansible-navigator
2026-01-25T11:58:08.022679+00:00 DEBUG 'ansible_navigator.main' Looking for '/home/ansible/.ansible-navigator.yml', '/home/ansible/.ansible-navigator.yaml' and '/home/ansible/.ansible-navigator.json'
2026-01-25T11:58:08.022712+00:00 DEBUG 'ansible_navigator.main' Found 0: 
2026-01-25T11:58:08.022745+00:00 DEBUG 'ansible_navigator.main' Looking in /home/ansible/ansible_ccat/ansible-navigator
2026-01-25T11:58:08.022776+00:00 DEBUG 'ansible_navigator.main' Looking for '/home/ansible/ansible_ccat/ansible-navigator.yml', '/home/ansible/ansible_ccat/ansible-navigator.yaml' and '/home/ansible/ansible_ccat/ansible-navigator.json'
2026-01-25T11:58:08.022879+00:00 DEBUG 'ansible_navigator.main' Found 1: '/home/ansible/ansible_ccat/ansible-navigator.yml'
2026-01-25T11:58:08.022918+00:00 DEBUG 'ansible_navigator.main' All found 1: '/home/ansible/ansible_ccat/ansible-navigator.yml'
2026-01-25T11:58:08.022982+00:00 DEBUG 'ansible_navigator.main' Using: /home/ansible/ansible_ccat/ansible-navigator.yml
2026-01-25T11:58:08.023047+00:00 DEBUG 'ansible_navigator.main' Using settings file at /home/ansible/ansible_ccat/ansible-navigator.yml in search path
2026-01-25T11:58:08.023077+00:00 DEBUG 'ansible_navigator.main' Command provided: 'user'
2026-01-25T11:58:08.023107+00:00 DEBUG 'ansible_navigator.main' ansible-navigator.ansible-runner.artifact-dir not found in settings file
2026-01-25T11:58:08.023136+00:00 DEBUG 'ansible_navigator.main' ansible-navigator.ansible-runner.rotate-artifacts-count not found in settings file
2026-01-25T11:58:08.023165+00:00 DEBUG 'ansible_navigator.main' ansible-navigator.ansible-runner.timeout not found in settings file
2026-01-25T11:58:08.023193+00:00 DEBUG 'ansible_navigator.main' ansible-navigator.ansible-runner.job-events not found in settings file
2026-01-25T11:58:08.023221+00:00 DEBUG 'ansible_navigator.main' ansible-navigator.app not found in settings file
2026-01-25T11:58:08.023250+00:00 DEBUG 'ansible_navigator.main' ansible-navigator.ansible.cmdline not found in settings file
2026-01-25T11:58:08.023280+00:00 DEBUG 'ansible_navigator.main' ansible-navigator.collection-doc-cache-path not found in settings file
2026-01-25T11:58:08.023321+00:00 DEBUG 'ansible_navigator.main' ansible-navigator.ansible.config.path not found in settings file
2026-01-25T11:58:08.023351+00:00 DEBUG 'ansible_navigator.main' ansible-navigator.execution-environment.container-engine not found in settings file
2026-01-25T11:58:08.023380+00:00 DEBUG 'ansible_navigator.main' ansible-navigator.execution-environment.container-options not found in settings file
2026-01-25T11:58:08.023408+00:00 DEBUG 'ansible_navigator.main' ansible-navigator.color.enable not found in settings file
2026-01-25T11:58:08.023436+00:00 DEBUG 'ansible_navigator.main' ansible-navigator.editor.command not found in settings file
2026-01-25T11:58:08.023464+00:00 DEBUG 'ansible_navigator.main' ansible-navigator.editor.console not found in settings file
2026-01-25T11:58:08.023491+00:00 DEBUG 'ansible_navigator.main' ansible-navigator.enable-prompts not found in settings file
2026-01-25T11:58:08.023519+00:00 DEBUG 'ansible_navigator.main' ansible-navigator.exec.command not found in settings file
2026-01-25T11:58:08.023548+00:00 DEBUG 'ansible_navigator.main' ansible-navigator.exec.shell not found in settings file
2026-01-25T11:58:08.023577+00:00 DEBUG 'ansible_navigator.main' ansible-navigator.execution-environment.enabled not found in settings file
2026-01-25T11:58:08.023606+00:00 DEBUG 'ansible_navigator.main' ansible-navigator.execution-environment.volume-mounts not found in settings file
2026-01-25T11:58:08.023630+00:00 DEBUG 'ansible_navigator.main' ansible-navigator.format not found in settings file
2026-01-25T11:58:08.023652+00:00 DEBUG 'ansible_navigator.main' ansible-navigator.ansible-builder.help not found in settings file
2026-01-25T11:58:08.023675+00:00 DEBUG 'ansible_navigator.main' ansible-navigator.ansible.config.help not found in settings file
2026-01-25T11:58:08.023699+00:00 DEBUG 'ansible_navigator.main' ansible-navigator.ansible.doc.help not found in settings file
2026-01-25T11:58:08.023721+00:00 DEBUG 'ansible_navigator.main' ansible-navigator.ansible.inventory.help not found in settings file
2026-01-25T11:58:08.023743+00:00 DEBUG 'ansible_navigator.main' ansible-navigator.ansible.playbook.help not found in settings file
2026-01-25T11:58:08.023771+00:00 DEBUG 'ansible_navigator.main' ansible-navigator.images.details not found in settings file
2026-01-25T11:58:08.023839+00:00 DEBUG 'ansible_navigator.main' ansible-navigator.ansible.inventory.entries not found in settings file
2026-01-25T11:58:08.023870+00:00 DEBUG 'ansible_navigator.main' ansible-navigator.inventory-columns not found in settings file
2026-01-25T11:58:08.023894+00:00 DEBUG 'ansible_navigator.main' ansible-navigator.ansible-lint.config not found in settings file
2026-01-25T11:58:08.023918+00:00 DEBUG 'ansible_navigator.main' ansible-navigator.ansible-lint.lintables not found in settings file
2026-01-25T11:58:08.023963+00:00 DEBUG 'ansible_navigator.main' ansible-navigator.logging.append not found in settings file
2026-01-25T11:58:08.023995+00:00 DEBUG 'ansible_navigator.main' ansible-navigator.logging.file not found in settings file
2026-01-25T11:58:08.024040+00:00 DEBUG 'ansible_navigator.main' ansible-navigator.logging.level not found in settings file
2026-01-25T11:58:08.024065+00:00 DEBUG 'ansible_navigator.main' ansible-navigator.mode not found in settings file
2026-01-25T11:58:08.024088+00:00 DEBUG 'ansible_navigator.main' ansible-navigator.color.osc4 not found in settings file
2026-01-25T11:58:08.024112+00:00 DEBUG 'ansible_navigator.main' ansible-navigator.execution-environment.environment-variables.pass not found in settings file
2026-01-25T11:58:08.024182+00:00 DEBUG 'ansible_navigator.main' ansible-navigator.ansible.playbook.path not found in settings file
2026-01-25T11:58:08.024228+00:00 DEBUG 'ansible_navigator.main' ansible-navigator.playbook-artifact.replay not found in settings file
2026-01-25T11:58:08.024279+00:00 DEBUG 'ansible_navigator.main' ansible-navigator.playbook-artifact.save-as not found in settings file
2026-01-25T11:58:08.024324+00:00 DEBUG 'ansible_navigator.main' ansible-navigator.ansible.doc.plugin.name not found in settings file
2026-01-25T11:58:08.024378+00:00 DEBUG 'ansible_navigator.main' ansible-navigator.ansible.doc.plugin.type not found in settings file
2026-01-25T11:58:08.024415+00:00 DEBUG 'ansible_navigator.main' ansible-navigator.execution-environment.pull.arguments not found in settings file
2026-01-25T11:58:08.024466+00:00 DEBUG 'ansible_navigator.main' ansible-navigator.execution-environment.environment-variables.set not found in settings file
2026-01-25T11:58:08.024503+00:00 DEBUG 'ansible_navigator.main' ansible-navigator.settings.effective not found in settings file
2026-01-25T11:58:08.024553+00:00 DEBUG 'ansible_navigator.main' ansible-navigator.settings.sample not found in settings file
2026-01-25T11:58:08.024590+00:00 DEBUG 'ansible_navigator.main' ansible-navigator.settings.schema not found in settings file
2026-01-25T11:58:08.024637+00:00 DEBUG 'ansible_navigator.main' ansible-navigator.settings.sources not found in settings file
2026-01-25T11:58:08.024661+00:00 DEBUG 'ansible_navigator.main' ansible-navigator.time-zone not found in settings file
2026-01-25T11:58:08.024684+00:00 DEBUG 'ansible_navigator.main' ansible-navigator.ansible-builder.workdir not found in settings file
2026-01-25T11:58:08.024713+00:00 WARNING 'ansible_navigator.main' Configuration errors encountered, rolling back to previous configuration.
2026-01-25T11:58:08.024741+00:00 DEBUG 'ansible_navigator.main' Prior to rollback: ansible_runner_artifact_dir = 'Not set' (Constants/Not set)
2026-01-25T11:58:08.024786+00:00 DEBUG 'ansible_navigator.main' Prior to rollback: ansible_runner_rotate_artifacts_count = 'Not set' (Constants/Not set)
2026-01-25T11:58:08.024862+00:00 DEBUG 'ansible_navigator.main' Prior to rollback: ansible_runner_timeout = 'Not set' (Constants/Not set)
2026-01-25T11:58:08.024892+00:00 DEBUG 'ansible_navigator.main' Prior to rollback: ansible_runner_write_job_events = 'False' (bool/Defaults)
2026-01-25T11:58:08.024917+00:00 DEBUG 'ansible_navigator.main' Prior to rollback: app = 'welcome' (str/Defaults)
2026-01-25T11:58:08.024957+00:00 DEBUG 'ansible_navigator.main' Prior to rollback: cmdline = '['user']' (list/Command line)
2026-01-25T11:58:08.025020+00:00 DEBUG 'ansible_navigator.main' Prior to rollback: collection_doc_cache_path = '/home/ansible/.cache/ansible-navigator/collection_doc_cache.db' (str/Defaults)
2026-01-25T11:58:08.025049+00:00 DEBUG 'ansible_navigator.main' Prior to rollback: config = 'Not set' (Constants/Not set)
2026-01-25T11:58:08.025073+00:00 DEBUG 'ansible_navigator.main' Prior to rollback: container_engine = 'auto' (str/Defaults)
2026-01-25T11:58:08.025096+00:00 DEBUG 'ansible_navigator.main' Prior to rollback: container_options = 'Not set' (Constants/Not set)
2026-01-25T11:58:08.025120+00:00 DEBUG 'ansible_navigator.main' Prior to rollback: display_color = 'True' (bool/Defaults)
2026-01-25T11:58:08.025142+00:00 DEBUG 'ansible_navigator.main' Prior to rollback: editor_command = 'vi +{line_number} {filename}' (str/Defaults)
2026-01-25T11:58:08.025165+00:00 DEBUG 'ansible_navigator.main' Prior to rollback: editor_console = 'True' (bool/Defaults)
2026-01-25T11:58:08.025188+00:00 DEBUG 'ansible_navigator.main' Prior to rollback: enable_prompts = 'False' (bool/Defaults)
2026-01-25T11:58:08.025210+00:00 DEBUG 'ansible_navigator.main' Prior to rollback: exec_command = '/bin/bash' (str/Defaults)
2026-01-25T11:58:08.025232+00:00 DEBUG 'ansible_navigator.main' Prior to rollback: exec_shell = 'True' (bool/Defaults)
2026-01-25T11:58:08.025255+00:00 DEBUG 'ansible_navigator.main' Prior to rollback: execution_environment = 'True' (bool/Defaults)
2026-01-25T11:58:08.025277+00:00 DEBUG 'ansible_navigator.main' Prior to rollback: execution_environment_image = 'registry.redhat.io/ansible-automation-platform-26/ee-supported-rhel9:latest' (str/Settings file)
2026-01-25T11:58:08.025301+00:00 DEBUG 'ansible_navigator.main' Prior to rollback: execution_environment_volume_mounts = 'Not set' (Constants/Not set)
2026-01-25T11:58:08.025343+00:00 DEBUG 'ansible_navigator.main' Prior to rollback: format = 'yaml' (str/Defaults)
2026-01-25T11:58:08.025369+00:00 DEBUG 'ansible_navigator.main' Prior to rollback: help_builder = 'False' (bool/Defaults)
2026-01-25T11:58:08.025394+00:00 DEBUG 'ansible_navigator.main' Prior to rollback: help_config = 'False' (bool/Defaults)
2026-01-25T11:58:08.025419+00:00 DEBUG 'ansible_navigator.main' Prior to rollback: help_doc = 'False' (bool/Defaults)
2026-01-25T11:58:08.025443+00:00 DEBUG 'ansible_navigator.main' Prior to rollback: help_inventory = 'False' (bool/Defaults)
2026-01-25T11:58:08.025467+00:00 DEBUG 'ansible_navigator.main' Prior to rollback: help_playbook = 'False' (bool/Defaults)
2026-01-25T11:58:08.025491+00:00 DEBUG 'ansible_navigator.main' Prior to rollback: images_details = '['everything']' (list/Defaults)
2026-01-25T11:58:08.025514+00:00 DEBUG 'ansible_navigator.main' Prior to rollback: inventory = 'Not set' (Constants/Not set)
2026-01-25T11:58:08.025537+00:00 DEBUG 'ansible_navigator.main' Prior to rollback: inventory_column = 'Not set' (Constants/Not set)
2026-01-25T11:58:08.025579+00:00 DEBUG 'ansible_navigator.main' Prior to rollback: lint_config = 'Not set' (Constants/Not set)
2026-01-25T11:58:08.025604+00:00 DEBUG 'ansible_navigator.main' Prior to rollback: lintables = 'Not set' (Constants/Not set)
2026-01-25T11:58:08.025627+00:00 DEBUG 'ansible_navigator.main' Prior to rollback: log_append = 'True' (bool/Defaults)
2026-01-25T11:58:08.025650+00:00 DEBUG 'ansible_navigator.main' Prior to rollback: log_file = '/home/ansible/ansible_ccat/ansible-navigator.log' (str/Defaults)
2026-01-25T11:58:08.025673+00:00 DEBUG 'ansible_navigator.main' Prior to rollback: log_level = 'warning' (str/Defaults)
2026-01-25T11:58:08.025697+00:00 DEBUG 'ansible_navigator.main' Prior to rollback: mode = 'interactive' (str/Defaults)
2026-01-25T11:58:08.025721+00:00 DEBUG 'ansible_navigator.main' Prior to rollback: osc4 = 'True' (bool/Defaults)
2026-01-25T11:58:08.025745+00:00 DEBUG 'ansible_navigator.main' Prior to rollback: pass_environment_variable = 'Not set' (Constants/Not set)
2026-01-25T11:58:08.025768+00:00 DEBUG 'ansible_navigator.main' Prior to rollback: playbook = 'Not set' (Constants/Not set)
2026-01-25T11:58:08.025790+00:00 DEBUG 'ansible_navigator.main' Prior to rollback: playbook_artifact_enable = 'False' (bool/Settings file)
2026-01-25T11:58:08.025842+00:00 DEBUG 'ansible_navigator.main' Prior to rollback: playbook_artifact_replay = 'Not set' (Constants/Not set)
2026-01-25T11:58:08.025891+00:00 DEBUG 'ansible_navigator.main' Prior to rollback: playbook_artifact_save_as = '{playbook_dir}/{playbook_name}-artifact-{time_stamp}.json' (str/Defaults)
2026-01-25T11:58:08.025914+00:00 DEBUG 'ansible_navigator.main' Prior to rollback: plugin_name = 'Not set' (Constants/Not set)
2026-01-25T11:58:08.025955+00:00 DEBUG 'ansible_navigator.main' Prior to rollback: plugin_type = 'module' (str/Defaults)
2026-01-25T11:58:08.025985+00:00 DEBUG 'ansible_navigator.main' Prior to rollback: pull_arguments = 'Not set' (Constants/Not set)
2026-01-25T11:58:08.026035+00:00 DEBUG 'ansible_navigator.main' Prior to rollback: pull_policy = 'missing' (str/Settings file)
2026-01-25T11:58:08.026058+00:00 DEBUG 'ansible_navigator.main' Prior to rollback: set_environment_variable = 'Not set' (Constants/Not set)
2026-01-25T11:58:08.026082+00:00 DEBUG 'ansible_navigator.main' Prior to rollback: settings_effective = 'False' (bool/Defaults)
2026-01-25T11:58:08.026105+00:00 DEBUG 'ansible_navigator.main' Prior to rollback: settings_sample = 'False' (bool/Defaults)
2026-01-25T11:58:08.026128+00:00 DEBUG 'ansible_navigator.main' Prior to rollback: settings_schema = 'json' (str/Defaults)
2026-01-25T11:58:08.026150+00:00 DEBUG 'ansible_navigator.main' Prior to rollback: settings_sources = 'False' (bool/Defaults)
2026-01-25T11:58:08.026173+00:00 DEBUG 'ansible_navigator.main' Prior to rollback: time_zone = 'UTC' (str/Defaults)
2026-01-25T11:58:08.026196+00:00 DEBUG 'ansible_navigator.main' Prior to rollback: workdir = '/home/ansible/ansible_ccat' (str/Defaults)
2026-01-25T11:58:08.026225+00:00 DEBUG 'ansible_navigator.main' After rollback: ansible_runner_artifact_dir = 'Not set' (Constants/Not set)
2026-01-25T11:58:08.026249+00:00 DEBUG 'ansible_navigator.main' After rollback: ansible_runner_rotate_artifacts_count = 'Not set' (Constants/Not set)
2026-01-25T11:58:08.026272+00:00 DEBUG 'ansible_navigator.main' After rollback: ansible_runner_timeout = 'Not set' (Constants/Not set)
2026-01-25T11:58:08.026294+00:00 DEBUG 'ansible_navigator.main' After rollback: ansible_runner_write_job_events = 'Not set' (Constants/Not set)
2026-01-25T11:58:08.026317+00:00 DEBUG 'ansible_navigator.main' After rollback: app = 'Not set' (Constants/Not set)
2026-01-25T11:58:08.026340+00:00 DEBUG 'ansible_navigator.main' After rollback: cmdline = 'Not set' (Constants/Not set)
2026-01-25T11:58:08.026362+00:00 DEBUG 'ansible_navigator.main' After rollback: collection_doc_cache_path = 'Not set' (Constants/Not set)
2026-01-25T11:58:08.026385+00:00 DEBUG 'ansible_navigator.main' After rollback: config = 'Not set' (Constants/Not set)
2026-01-25T11:58:08.026407+00:00 DEBUG 'ansible_navigator.main' After rollback: container_engine = 'Not set' (Constants/Not set)
2026-01-25T11:58:08.026430+00:00 DEBUG 'ansible_navigator.main' After rollback: container_options = 'Not set' (Constants/Not set)
2026-01-25T11:58:08.026452+00:00 DEBUG 'ansible_navigator.main' After rollback: display_color = 'Not set' (Constants/Not set)
2026-01-25T11:58:08.026474+00:00 DEBUG 'ansible_navigator.main' After rollback: editor_command = 'Not set' (Constants/Not set)
2026-01-25T11:58:08.026497+00:00 DEBUG 'ansible_navigator.main' After rollback: editor_console = 'Not set' (Constants/Not set)
2026-01-25T11:58:08.026519+00:00 DEBUG 'ansible_navigator.main' After rollback: enable_prompts = 'Not set' (Constants/Not set)
2026-01-25T11:58:08.026541+00:00 DEBUG 'ansible_navigator.main' After rollback: exec_command = 'Not set' (Constants/Not set)
2026-01-25T11:58:08.026563+00:00 DEBUG 'ansible_navigator.main' After rollback: exec_shell = 'Not set' (Constants/Not set)
2026-01-25T11:58:08.026585+00:00 DEBUG 'ansible_navigator.main' After rollback: execution_environment = 'Not set' (Constants/Not set)
2026-01-25T11:58:08.026607+00:00 DEBUG 'ansible_navigator.main' After rollback: execution_environment_image = 'Not set' (Constants/Not set)
2026-01-25T11:58:08.026629+00:00 DEBUG 'ansible_navigator.main' After rollback: execution_environment_volume_mounts = 'Not set' (Constants/Not set)
2026-01-25T11:58:08.026652+00:00 DEBUG 'ansible_navigator.main' After rollback: format = 'Not set' (Constants/Not set)
2026-01-25T11:58:08.026675+00:00 DEBUG 'ansible_navigator.main' After rollback: help_builder = 'Not set' (Constants/Not set)
2026-01-25T11:58:08.026698+00:00 DEBUG 'ansible_navigator.main' After rollback: help_config = 'Not set' (Constants/Not set)
2026-01-25T11:58:08.026720+00:00 DEBUG 'ansible_navigator.main' After rollback: help_doc = 'Not set' (Constants/Not set)
2026-01-25T11:58:08.026742+00:00 DEBUG 'ansible_navigator.main' After rollback: help_inventory = 'Not set' (Constants/Not set)
2026-01-25T11:58:08.026765+00:00 DEBUG 'ansible_navigator.main' After rollback: help_playbook = 'Not set' (Constants/Not set)
2026-01-25T11:58:08.026787+00:00 DEBUG 'ansible_navigator.main' After rollback: images_details = 'Not set' (Constants/Not set)
2026-01-25T11:58:08.026840+00:00 DEBUG 'ansible_navigator.main' After rollback: inventory = 'Not set' (Constants/Not set)
2026-01-25T11:58:08.026868+00:00 DEBUG 'ansible_navigator.main' After rollback: inventory_column = 'Not set' (Constants/Not set)
2026-01-25T11:58:08.026891+00:00 DEBUG 'ansible_navigator.main' After rollback: lint_config = 'Not set' (Constants/Not set)
2026-01-25T11:58:08.026914+00:00 DEBUG 'ansible_navigator.main' After rollback: lintables = 'Not set' (Constants/Not set)
2026-01-25T11:58:08.026954+00:00 DEBUG 'ansible_navigator.main' After rollback: log_append = 'Not set' (Constants/Not set)
2026-01-25T11:58:08.026983+00:00 DEBUG 'ansible_navigator.main' After rollback: log_file = 'Not set' (Constants/Not set)
2026-01-25T11:58:08.027050+00:00 DEBUG 'ansible_navigator.main' After rollback: log_level = 'Not set' (Constants/Not set)
2026-01-25T11:58:08.027075+00:00 DEBUG 'ansible_navigator.main' After rollback: mode = 'Not set' (Constants/Not set)
2026-01-25T11:58:08.027098+00:00 DEBUG 'ansible_navigator.main' After rollback: osc4 = 'Not set' (Constants/Not set)
2026-01-25T11:58:08.027121+00:00 DEBUG 'ansible_navigator.main' After rollback: pass_environment_variable = 'Not set' (Constants/Not set)
2026-01-25T11:58:08.027144+00:00 DEBUG 'ansible_navigator.main' After rollback: playbook = 'Not set' (Constants/Not set)
2026-01-25T11:58:08.027167+00:00 DEBUG 'ansible_navigator.main' After rollback: playbook_artifact_enable = 'Not set' (Constants/Not set)
2026-01-25T11:58:08.027190+00:00 DEBUG 'ansible_navigator.main' After rollback: playbook_artifact_replay = 'Not set' (Constants/Not set)
2026-01-25T11:58:08.027213+00:00 DEBUG 'ansible_navigator.main' After rollback: playbook_artifact_save_as = 'Not set' (Constants/Not set)
2026-01-25T11:58:08.027235+00:00 DEBUG 'ansible_navigator.main' After rollback: plugin_name = 'Not set' (Constants/Not set)
2026-01-25T11:58:08.027258+00:00 DEBUG 'ansible_navigator.main' After rollback: plugin_type = 'Not set' (Constants/Not set)
2026-01-25T11:58:08.027280+00:00 DEBUG 'ansible_navigator.main' After rollback: pull_arguments = 'Not set' (Constants/Not set)
2026-01-25T11:58:08.027303+00:00 DEBUG 'ansible_navigator.main' After rollback: pull_policy = 'Not set' (Constants/Not set)
2026-01-25T11:58:08.027325+00:00 DEBUG 'ansible_navigator.main' After rollback: set_environment_variable = 'Not set' (Constants/Not set)
2026-01-25T11:58:08.027348+00:00 DEBUG 'ansible_navigator.main' After rollback: settings_effective = 'Not set' (Constants/Not set)
2026-01-25T11:58:08.027370+00:00 DEBUG 'ansible_navigator.main' After rollback: settings_sample = 'Not set' (Constants/Not set)
2026-01-25T11:58:08.027393+00:00 DEBUG 'ansible_navigator.main' After rollback: settings_schema = 'Not set' (Constants/Not set)
2026-01-25T11:58:08.027415+00:00 DEBUG 'ansible_navigator.main' After rollback: settings_sources = 'Not set' (Constants/Not set)
2026-01-25T11:58:08.027437+00:00 DEBUG 'ansible_navigator.main' After rollback: time_zone = 'Not set' (Constants/Not set)
2026-01-25T11:58:08.027459+00:00 DEBUG 'ansible_navigator.main' After rollback: workdir = 'Not set' (Constants/Not set)
2026-01-25T11:58:08.027488+00:00 DEBUG 'ansible_navigator.main' Configuration rollback complete.
2026-01-25T11:58:08.027596+00:00 DEBUG 'ansible_navigator.main' Collection doc cache not mounted
2026-01-25T11:58:08.027696+00:00 WARNING 'ansible_navigator.main' Issues were found while applying the settings.
2026-01-25T11:58:08.027777+00:00 INFO 'ansible_navigator.main' Command provided: 'user'
2026-01-25T11:58:08.027879+00:00 ERROR 'ansible_navigator.main' argument {subcommand} --help: invalid choice: 'user' (choose from builder, collections, config, doc, exec, images, inventory, lint, replay, run, settings, welcome)
2026-01-25T11:58:08.027927+00:00 INFO 'ansible_navigator.main' Configuration failed, using default log file location. (/home/ansible/ansible_ccat/ansible-navigator.log) Log level set to debug
2026-01-25T11:58:08.028061+00:00 INFO 'ansible_navigator.main' Review the hints and log file to see what went wrong.
2026-01-25T12:17:43.240070+00:00 CRITICAL 'ansible_navigator.actions.run_822e._handle_message' Unhandled message from runner queue, discarded: {'event': 'verbose', 'uuid': '6d1b751b-17f7-40d4-8610-69f3b360febc', 'counter': 1, 'stdout': 'usage: ansible-playbook [-h] [--version] [-v] [--private-key PRIVATE_KEY_FILE]', 'start_line': 0, 'end_line': 1, 'runner_ident': '9b1a2888-d90c-486a-8cc4-6535b20f0334', 'created': '2026-01-25T12:17:43.236340+00:00'}
2026-01-25T12:17:43.255128+00:00 CRITICAL 'ansible_navigator.actions.run_822e._handle_message' Unhandled message from runner queue, discarded: {'event': 'verbose', 'uuid': '967480fc-af31-40de-80a7-1d30557638ee', 'counter': 2, 'stdout': '                        [-u REMOTE_USER] [-c CONNECTION] [-T TIMEOUT]', 'start_line': 1, 'end_line': 2, 'runner_ident': '9b1a2888-d90c-486a-8cc4-6535b20f0334', 'created': '2026-01-25T12:17:43.236756+00:00'}
2026-01-25T12:17:43.264181+00:00 CRITICAL 'ansible_navigator.actions.run_822e._handle_message' Unhandled message from runner queue, discarded: {'event': 'verbose', 'uuid': '121db56e-40fe-4d6f-af41-a49f52512220', 'counter': 3, 'stdout': '                        [--ssh-common-args SSH_COMMON_ARGS]', 'start_line': 2, 'end_line': 3, 'runner_ident': '9b1a2888-d90c-486a-8cc4-6535b20f0334', 'created': '2026-01-25T12:17:43.258031+00:00'}
2026-01-25T12:17:43.264347+00:00 CRITICAL 'ansible_navigator.actions.run_822e._handle_message' Unhandled message from runner queue, discarded: {'event': 'verbose', 'uuid': 'a1b48407-8cdd-465b-9fd3-e7a8b9e81259', 'counter': 4, 'stdout': '                        [--sftp-extra-args SFTP_EXTRA_ARGS]', 'start_line': 3, 'end_line': 4, 'runner_ident': '9b1a2888-d90c-486a-8cc4-6535b20f0334', 'created': '2026-01-25T12:17:43.258206+00:00'}
2026-01-25T12:17:43.264437+00:00 CRITICAL 'ansible_navigator.actions.run_822e._handle_message' Unhandled message from runner queue, discarded: {'event': 'verbose', 'uuid': '4c386219-bfcf-4cb1-9d04-2dfb24f8623f', 'counter': 5, 'stdout': '                        [--scp-extra-args SCP_EXTRA_ARGS]', 'start_line': 4, 'end_line': 5, 'runner_ident': '9b1a2888-d90c-486a-8cc4-6535b20f0334', 'created': '2026-01-25T12:17:43.258349+00:00'}
2026-01-25T12:17:43.264508+00:00 CRITICAL 'ansible_navigator.actions.run_822e._handle_message' Unhandled message from runner queue, discarded: {'event': 'verbose', 'uuid': '45703425-7e3d-4449-9d58-ac4635d0ccfe', 'counter': 6, 'stdout': '                        [--ssh-extra-args SSH_EXTRA_ARGS]', 'start_line': 5, 'end_line': 6, 'runner_ident': '9b1a2888-d90c-486a-8cc4-6535b20f0334', 'created': '2026-01-25T12:17:43.258475+00:00'}
2026-01-25T12:17:43.264572+00:00 CRITICAL 'ansible_navigator.actions.run_822e._handle_message' Unhandled message from runner queue, discarded: {'event': 'verbose', 'uuid': '92af163a-1bda-47e5-b9c7-05be81bf272f', 'counter': 7, 'stdout': '                        [-k | --connection-password-file CONNECTION_PASSWORD_FILE]', 'start_line': 6, 'end_line': 7, 'runner_ident': '9b1a2888-d90c-486a-8cc4-6535b20f0334', 'created': '2026-01-25T12:17:43.258583+00:00'}
2026-01-25T12:17:43.264642+00:00 CRITICAL 'ansible_navigator.actions.run_822e._handle_message' Unhandled message from runner queue, discarded: {'event': 'verbose', 'uuid': 'c9fa6e7d-195b-4df7-92b3-e745e754685d', 'counter': 8, 'stdout': '                        [--force-handlers] [--flush-cache] [-b]', 'start_line': 7, 'end_line': 8, 'runner_ident': '9b1a2888-d90c-486a-8cc4-6535b20f0334', 'created': '2026-01-25T12:17:43.258685+00:00'}
2026-01-25T12:17:43.264707+00:00 CRITICAL 'ansible_navigator.actions.run_822e._handle_message' Unhandled message from runner queue, discarded: {'event': 'verbose', 'uuid': 'fc7e0231-e5d8-49d3-b73b-6a6f27157c32', 'counter': 9, 'stdout': '                        [--become-method BECOME_METHOD]', 'start_line': 8, 'end_line': 9, 'runner_ident': '9b1a2888-d90c-486a-8cc4-6535b20f0334', 'created': '2026-01-25T12:17:43.258766+00:00'}
2026-01-25T12:17:43.386694+00:00 CRITICAL 'ansible_navigator.actions.run_822e._handle_message' Unhandled message from runner queue, discarded: {'event': 'verbose', 'uuid': '5860926a-0477-4f08-8ba2-1b97ac6edda8', 'counter': 10, 'stdout': '                        [--become-user BECOME_USER]', 'start_line': 9, 'end_line': 10, 'runner_ident': '9b1a2888-d90c-486a-8cc4-6535b20f0334', 'created': '2026-01-25T12:17:43.274009+00:00'}
2026-01-25T12:17:43.388009+00:00 CRITICAL 'ansible_navigator.actions.run_822e._handle_message' Unhandled message from runner queue, discarded: {'event': 'verbose', 'uuid': '2a32e38d-4d16-40ba-8d9a-d063b6c6779a', 'counter': 11, 'stdout': '                        [-K | --become-password-file BECOME_PASSWORD_FILE]', 'start_line': 10, 'end_line': 11, 'runner_ident': '9b1a2888-d90c-486a-8cc4-6535b20f0334', 'created': '2026-01-25T12:17:43.274126+00:00'}
2026-01-25T12:17:43.388127+00:00 CRITICAL 'ansible_navigator.actions.run_822e._handle_message' Unhandled message from runner queue, discarded: {'event': 'verbose', 'uuid': 'f2bd05b4-2816-4dab-8045-d7079a017ff8', 'counter': 12, 'stdout': '                        [-t TAGS] [--skip-tags SKIP_TAGS] [-C] [-D]', 'start_line': 11, 'end_line': 12, 'runner_ident': '9b1a2888-d90c-486a-8cc4-6535b20f0334', 'created': '2026-01-25T12:17:43.274205+00:00'}
2026-01-25T12:17:43.388209+00:00 CRITICAL 'ansible_navigator.actions.run_822e._handle_message' Unhandled message from runner queue, discarded: {'event': 'verbose', 'uuid': '16fc0a93-1310-4fe4-b8a8-f8865be0fc80', 'counter': 13, 'stdout': '                        [-i INVENTORY] [--list-hosts] [-l SUBSET]', 'start_line': 12, 'end_line': 13, 'runner_ident': '9b1a2888-d90c-486a-8cc4-6535b20f0334', 'created': '2026-01-25T12:17:43.274277+00:00'}
2026-01-25T12:17:43.388278+00:00 CRITICAL 'ansible_navigator.actions.run_822e._handle_message' Unhandled message from runner queue, discarded: {'event': 'verbose', 'uuid': '9977088e-5c88-44d2-9f78-de6f889f1617', 'counter': 14, 'stdout': '                        [-e EXTRA_VARS] [--vault-id VAULT_IDS]', 'start_line': 13, 'end_line': 14, 'runner_ident': '9b1a2888-d90c-486a-8cc4-6535b20f0334', 'created': '2026-01-25T12:17:43.274345+00:00'}
2026-01-25T12:17:43.388341+00:00 CRITICAL 'ansible_navigator.actions.run_822e._handle_message' Unhandled message from runner queue, discarded: {'event': 'verbose', 'uuid': 'c552cbbe-fa84-4877-94a5-db9c08040083', 'counter': 15, 'stdout': '                        [-J | --vault-password-file VAULT_PASSWORD_FILES]', 'start_line': 14, 'end_line': 15, 'runner_ident': '9b1a2888-d90c-486a-8cc4-6535b20f0334', 'created': '2026-01-25T12:17:43.274418+00:00'}
2026-01-25T12:17:43.388403+00:00 CRITICAL 'ansible_navigator.actions.run_822e._handle_message' Unhandled message from runner queue, discarded: {'event': 'verbose', 'uuid': '77da916f-9306-4546-be61-1d2ba8a1bce2', 'counter': 16, 'stdout': '                        [-f FORKS] [-M MODULE_PATH] [--syntax-check]', 'start_line': 15, 'end_line': 16, 'runner_ident': '9b1a2888-d90c-486a-8cc4-6535b20f0334', 'created': '2026-01-25T12:17:43.274487+00:00'}
2026-01-25T12:17:43.388463+00:00 CRITICAL 'ansible_navigator.actions.run_822e._handle_message' Unhandled message from runner queue, discarded: {'event': 'verbose', 'uuid': '18809e99-2ad8-414b-a7d6-50103a47a29e', 'counter': 17, 'stdout': '                        [--list-tasks] [--list-tags] [--step]', 'start_line': 16, 'end_line': 17, 'runner_ident': '9b1a2888-d90c-486a-8cc4-6535b20f0334', 'created': '2026-01-25T12:17:43.274555+00:00'}
2026-01-25T12:17:43.388521+00:00 CRITICAL 'ansible_navigator.actions.run_822e._handle_message' Unhandled message from runner queue, discarded: {'event': 'verbose', 'uuid': '68c735ea-34c2-42bb-907b-ac561f0f83dc', 'counter': 18, 'stdout': '                        [--start-at-task START_AT_TASK]', 'start_line': 17, 'end_line': 18, 'runner_ident': '9b1a2888-d90c-486a-8cc4-6535b20f0334', 'created': '2026-01-25T12:17:43.274627+00:00'}
2026-01-25T12:17:43.388581+00:00 CRITICAL 'ansible_navigator.actions.run_822e._handle_message' Unhandled message from runner queue, discarded: {'event': 'verbose', 'uuid': '28c3c238-e18c-4019-b8aa-1349ce7e69d0', 'counter': 19, 'stdout': '                        playbook [playbook ...]', 'start_line': 18, 'end_line': 19, 'runner_ident': '9b1a2888-d90c-486a-8cc4-6535b20f0334', 'created': '2026-01-25T12:17:43.274712+00:00'}
2026-01-25T12:17:43.388639+00:00 CRITICAL 'ansible_navigator.actions.run_822e._handle_message' Unhandled message from runner queue, discarded: {'event': 'verbose', 'uuid': '26b86f76-8379-4f1c-9eb0-5ccbccf26c19', 'counter': 20, 'stdout': 'ansible-playbook: error: unrecognized arguments: --stdout', 'start_line': 19, 'end_line': 20, 'runner_ident': '9b1a2888-d90c-486a-8cc4-6535b20f0334', 'created': '2026-01-25T12:17:43.274777+00:00'}
2026-01-25T12:17:43.388696+00:00 CRITICAL 'ansible_navigator.actions.run_822e._handle_message' Unhandled message from runner queue, discarded: {'event': 'verbose', 'uuid': '12f85a50-cf96-4511-91c1-81ab3e17ada2', 'counter': 21, 'stdout': ' ', 'start_line': 20, 'end_line': 21, 'runner_ident': '9b1a2888-d90c-486a-8cc4-6535b20f0334', 'created': '2026-01-25T12:17:43.285054+00:00'}
2026-01-25T12:17:43.388766+00:00 CRITICAL 'ansible_navigator.actions.run_822e._handle_message' Unhandled message from runner queue, discarded: {'event': 'verbose', 'uuid': '06d4080a-1038-4c6a-b0e5-d476eaf0f6cd', 'counter': 22, 'stdout': 'usage: ansible-playbook [-h] [--version] [-v] [--private-key PRIVATE_KEY_FILE]', 'start_line': 21, 'end_line': 22, 'runner_ident': '9b1a2888-d90c-486a-8cc4-6535b20f0334', 'created': '2026-01-25T12:17:43.285310+00:00'}
2026-01-25T12:17:43.389923+00:00 CRITICAL 'ansible_navigator.actions.run_822e._handle_message' Unhandled message from runner queue, discarded: {'event': 'verbose', 'uuid': '38681d1a-afd1-4d0c-9f84-9e8b146fbd13', 'counter': 23, 'stdout': '                        [-u REMOTE_USER] [-c CONNECTION] [-T TIMEOUT]', 'start_line': 22, 'end_line': 23, 'runner_ident': '9b1a2888-d90c-486a-8cc4-6535b20f0334', 'created': '2026-01-25T12:17:43.285390+00:00'}
2026-01-25T12:17:43.390077+00:00 CRITICAL 'ansible_navigator.actions.run_822e._handle_message' Unhandled message from runner queue, discarded: {'event': 'verbose', 'uuid': '036d1d10-e5cb-481f-896c-99f5a8db6d36', 'counter': 24, 'stdout': '                        [--ssh-common-args SSH_COMMON_ARGS]', 'start_line': 23, 'end_line': 24, 'runner_ident': '9b1a2888-d90c-486a-8cc4-6535b20f0334', 'created': '2026-01-25T12:17:43.285461+00:00'}
2026-01-25T12:17:43.390150+00:00 CRITICAL 'ansible_navigator.actions.run_822e._handle_message' Unhandled message from runner queue, discarded: {'event': 'verbose', 'uuid': '63d31955-58b4-41b4-992e-563b2ddb4a5b', 'counter': 25, 'stdout': '                        [--sftp-extra-args SFTP_EXTRA_ARGS]', 'start_line': 24, 'end_line': 25, 'runner_ident': '9b1a2888-d90c-486a-8cc4-6535b20f0334', 'created': '2026-01-25T12:17:43.285531+00:00'}
2026-01-25T12:17:43.390213+00:00 CRITICAL 'ansible_navigator.actions.run_822e._handle_message' Unhandled message from runner queue, discarded: {'event': 'verbose', 'uuid': 'c036628d-e5ee-4b2f-8de5-2b473895d29a', 'counter': 26, 'stdout': '                        [--scp-extra-args SCP_EXTRA_ARGS]', 'start_line': 25, 'end_line': 26, 'runner_ident': '9b1a2888-d90c-486a-8cc4-6535b20f0334', 'created': '2026-01-25T12:17:43.285598+00:00'}
2026-01-25T12:17:43.390274+00:00 CRITICAL 'ansible_navigator.actions.run_822e._handle_message' Unhandled message from runner queue, discarded: {'event': 'verbose', 'uuid': 'bc88f71d-84b1-4d75-9ce1-b4c13d8940df', 'counter': 27, 'stdout': '                        [--ssh-extra-args SSH_EXTRA_ARGS]', 'start_line': 26, 'end_line': 27, 'runner_ident': '9b1a2888-d90c-486a-8cc4-6535b20f0334', 'created': '2026-01-25T12:17:43.285664+00:00'}
2026-01-25T12:17:43.390336+00:00 CRITICAL 'ansible_navigator.actions.run_822e._handle_message' Unhandled message from runner queue, discarded: {'event': 'verbose', 'uuid': '96dccb3f-8639-4467-91e7-9f1b0ee7b80e', 'counter': 28, 'stdout': '                        [-k | --connection-password-file CONNECTION_PASSWORD_FILE]', 'start_line': 27, 'end_line': 28, 'runner_ident': '9b1a2888-d90c-486a-8cc4-6535b20f0334', 'created': '2026-01-25T12:17:43.285729+00:00'}
2026-01-25T12:17:43.390394+00:00 CRITICAL 'ansible_navigator.actions.run_822e._handle_message' Unhandled message from runner queue, discarded: {'event': 'verbose', 'uuid': '71fd8f7a-ebd2-45ba-8e11-db25554a5e24', 'counter': 29, 'stdout': '                        [--force-handlers] [--flush-cache] [-b]', 'start_line': 28, 'end_line': 29, 'runner_ident': '9b1a2888-d90c-486a-8cc4-6535b20f0334', 'created': '2026-01-25T12:17:43.285791+00:00'}
2026-01-25T12:17:43.390451+00:00 CRITICAL 'ansible_navigator.actions.run_822e._handle_message' Unhandled message from runner queue, discarded: {'event': 'verbose', 'uuid': '56029773-53f3-4800-9446-b8cebc72fe63', 'counter': 30, 'stdout': '                        [--become-method BECOME_METHOD]', 'start_line': 29, 'end_line': 30, 'runner_ident': '9b1a2888-d90c-486a-8cc4-6535b20f0334', 'created': '2026-01-25T12:17:43.288009+00:00'}
2026-01-25T12:17:43.390519+00:00 CRITICAL 'ansible_navigator.actions.run_822e._handle_message' Unhandled message from runner queue, discarded: {'event': 'verbose', 'uuid': '17c7edc8-9e4b-428c-a80c-e93262d56d6c', 'counter': 31, 'stdout': '                        [--become-user BECOME_USER]', 'start_line': 30, 'end_line': 31, 'runner_ident': '9b1a2888-d90c-486a-8cc4-6535b20f0334', 'created': '2026-01-25T12:17:43.288089+00:00'}
2026-01-25T12:17:43.390582+00:00 CRITICAL 'ansible_navigator.actions.run_822e._handle_message' Unhandled message from runner queue, discarded: {'event': 'verbose', 'uuid': 'b9f18d5d-1b79-4c1a-9879-8701693619a5', 'counter': 32, 'stdout': '                        [-K | --become-password-file BECOME_PASSWORD_FILE]', 'start_line': 31, 'end_line': 32, 'runner_ident': '9b1a2888-d90c-486a-8cc4-6535b20f0334', 'created': '2026-01-25T12:17:43.288157+00:00'}
2026-01-25T12:17:43.390640+00:00 CRITICAL 'ansible_navigator.actions.run_822e._handle_message' Unhandled message from runner queue, discarded: {'event': 'verbose', 'uuid': '8dfd5ad8-b88b-4d3d-a1aa-7b5705abac04', 'counter': 33, 'stdout': '                        [-t TAGS] [--skip-tags SKIP_TAGS] [-C] [-D]', 'start_line': 32, 'end_line': 33, 'runner_ident': '9b1a2888-d90c-486a-8cc4-6535b20f0334', 'created': '2026-01-25T12:17:43.288221+00:00'}
2026-01-25T12:17:43.390696+00:00 CRITICAL 'ansible_navigator.actions.run_822e._handle_message' Unhandled message from runner queue, discarded: {'event': 'verbose', 'uuid': '3379b46a-fd2a-44db-8e6c-f506ba766a02', 'counter': 34, 'stdout': '                        [-i INVENTORY] [--list-hosts] [-l SUBSET]', 'start_line': 33, 'end_line': 34, 'runner_ident': '9b1a2888-d90c-486a-8cc4-6535b20f0334', 'created': '2026-01-25T12:17:43.288303+00:00'}
2026-01-25T12:17:43.390752+00:00 CRITICAL 'ansible_navigator.actions.run_822e._handle_message' Unhandled message from runner queue, discarded: {'event': 'verbose', 'uuid': 'b45a79ab-7c93-4aeb-8f9b-a4c5519d9469', 'counter': 35, 'stdout': '                        [-e EXTRA_VARS] [--vault-id VAULT_IDS]', 'start_line': 34, 'end_line': 35, 'runner_ident': '9b1a2888-d90c-486a-8cc4-6535b20f0334', 'created': '2026-01-25T12:17:43.288368+00:00'}
2026-01-25T12:17:43.391661+00:00 CRITICAL 'ansible_navigator.actions.run_822e._handle_message' Unhandled message from runner queue, discarded: {'event': 'verbose', 'uuid': '8818a840-7954-4076-8775-b27151b3491d', 'counter': 36, 'stdout': '                        [-J | --vault-password-file VAULT_PASSWORD_FILES]', 'start_line': 35, 'end_line': 36, 'runner_ident': '9b1a2888-d90c-486a-8cc4-6535b20f0334', 'created': '2026-01-25T12:17:43.288431+00:00'}
2026-01-25T12:17:43.392031+00:00 CRITICAL 'ansible_navigator.actions.run_822e._handle_message' Unhandled message from runner queue, discarded: {'event': 'verbose', 'uuid': 'c688cb4d-6356-4796-ac27-1570dc63b5ca', 'counter': 37, 'stdout': '                        [-f FORKS] [-M MODULE_PATH] [--syntax-check]', 'start_line': 36, 'end_line': 37, 'runner_ident': '9b1a2888-d90c-486a-8cc4-6535b20f0334', 'created': '2026-01-25T12:17:43.288492+00:00'}
2026-01-25T12:17:43.392111+00:00 CRITICAL 'ansible_navigator.actions.run_822e._handle_message' Unhandled message from runner queue, discarded: {'event': 'verbose', 'uuid': '806c2c6f-2102-4ec7-83ee-47553bccab8d', 'counter': 38, 'stdout': '                        [--list-tasks] [--list-tags] [--step]', 'start_line': 37, 'end_line': 38, 'runner_ident': '9b1a2888-d90c-486a-8cc4-6535b20f0334', 'created': '2026-01-25T12:17:43.288553+00:00'}
2026-01-25T12:17:43.392176+00:00 CRITICAL 'ansible_navigator.actions.run_822e._handle_message' Unhandled message from runner queue, discarded: {'event': 'verbose', 'uuid': '75e60e26-0c70-426f-bcc1-44f8a65702e0', 'counter': 39, 'stdout': '                        [--start-at-task START_AT_TASK]', 'start_line': 38, 'end_line': 39, 'runner_ident': '9b1a2888-d90c-486a-8cc4-6535b20f0334', 'created': '2026-01-25T12:17:43.288619+00:00'}
2026-01-25T12:17:43.392249+00:00 CRITICAL 'ansible_navigator.actions.run_822e._handle_message' Unhandled message from runner queue, discarded: {'event': 'verbose', 'uuid': '6e0a9c0a-10c0-402d-97e4-bbf664725d26', 'counter': 40, 'stdout': '                        playbook [playbook ...]', 'start_line': 39, 'end_line': 40, 'runner_ident': '9b1a2888-d90c-486a-8cc4-6535b20f0334', 'created': '2026-01-25T12:17:43.288681+00:00'}
2026-01-25T12:17:43.392326+00:00 CRITICAL 'ansible_navigator.actions.run_822e._handle_message' Unhandled message from runner queue, discarded: {'event': 'verbose', 'uuid': '5a83d082-b2cf-4c6d-afcc-6b02a4f660b1', 'counter': 41, 'stdout': '', 'start_line': 40, 'end_line': 41, 'runner_ident': '9b1a2888-d90c-486a-8cc4-6535b20f0334', 'created': '2026-01-25T12:17:43.288744+00:00'}
2026-01-25T12:17:43.392394+00:00 CRITICAL 'ansible_navigator.actions.run_822e._handle_message' Unhandled message from runner queue, discarded: {'event': 'verbose', 'uuid': '2752d7cd-dc9c-42b9-b375-eba2e430e9fc', 'counter': 42, 'stdout': 'Runs Ansible playbooks, executing the defined tasks on the targeted hosts.', 'start_line': 41, 'end_line': 42, 'runner_ident': '9b1a2888-d90c-486a-8cc4-6535b20f0334', 'created': '2026-01-25T12:17:43.291867+00:00'}
2026-01-25T12:17:43.392465+00:00 CRITICAL 'ansible_navigator.actions.run_822e._handle_message' Unhandled message from runner queue, discarded: {'event': 'verbose', 'uuid': '0925b551-23bd-49c6-a08c-2610bb210a5b', 'counter': 43, 'stdout': '', 'start_line': 42, 'end_line': 43, 'runner_ident': '9b1a2888-d90c-486a-8cc4-6535b20f0334', 'created': '2026-01-25T12:17:43.292031+00:00'}
2026-01-25T12:17:43.392543+00:00 CRITICAL 'ansible_navigator.actions.run_822e._handle_message' Unhandled message from runner queue, discarded: {'event': 'verbose', 'uuid': '348ae005-c04e-447e-aa71-5cc3534b58ba', 'counter': 44, 'stdout': 'positional arguments:', 'start_line': 43, 'end_line': 44, 'runner_ident': '9b1a2888-d90c-486a-8cc4-6535b20f0334', 'created': '2026-01-25T12:17:43.292105+00:00'}
2026-01-25T12:17:43.392602+00:00 CRITICAL 'ansible_navigator.actions.run_822e._handle_message' Unhandled message from runner queue, discarded: {'event': 'verbose', 'uuid': '89ceaf6b-27c4-4b18-9768-06dcc55059db', 'counter': 45, 'stdout': '  playbook              Playbook(s)', 'start_line': 44, 'end_line': 45, 'runner_ident': '9b1a2888-d90c-486a-8cc4-6535b20f0334', 'created': '2026-01-25T12:17:43.292172+00:00'}
2026-01-25T12:17:43.392669+00:00 CRITICAL 'ansible_navigator.actions.run_822e._handle_message' Unhandled message from runner queue, discarded: {'event': 'verbose', 'uuid': '68245f39-9288-4f22-90c3-450ab7d28702', 'counter': 46, 'stdout': '', 'start_line': 45, 'end_line': 46, 'runner_ident': '9b1a2888-d90c-486a-8cc4-6535b20f0334', 'created': '2026-01-25T12:17:43.292246+00:00'}
2026-01-25T12:17:43.392791+00:00 CRITICAL 'ansible_navigator.actions.run_822e._handle_message' Unhandled message from runner queue, discarded: {'event': 'verbose', 'uuid': 'e8f99f5d-1f4d-448c-82ab-4dd409e94492', 'counter': 47, 'stdout': 'options:', 'start_line': 46, 'end_line': 47, 'runner_ident': '9b1a2888-d90c-486a-8cc4-6535b20f0334', 'created': '2026-01-25T12:17:43.292344+00:00'}
2026-01-25T12:17:43.394064+00:00 CRITICAL 'ansible_navigator.actions.run_822e._handle_message' Unhandled message from runner queue, discarded: {'event': 'verbose', 'uuid': 'ef8af921-c705-4da6-8f54-8622b3d8c31e', 'counter': 48, 'stdout': '  --become-password-file BECOME_PASSWORD_FILE, --become-pass-file BECOME_PASSWORD_FILE', 'start_line': 47, 'end_line': 48, 'runner_ident': '9b1a2888-d90c-486a-8cc4-6535b20f0334', 'created': '2026-01-25T12:17:43.292415+00:00'}
2026-01-25T12:17:43.394238+00:00 CRITICAL 'ansible_navigator.actions.run_822e._handle_message' Unhandled message from runner queue, discarded: {'event': 'verbose', 'uuid': '10694ba3-3ed3-4a87-8066-069fc1249115', 'counter': 49, 'stdout': '                        Become password file', 'start_line': 48, 'end_line': 49, 'runner_ident': '9b1a2888-d90c-486a-8cc4-6535b20f0334', 'created': '2026-01-25T12:17:43.292508+00:00'}
2026-01-25T12:17:43.394393+00:00 CRITICAL 'ansible_navigator.actions.run_822e._handle_message' Unhandled message from runner queue, discarded: {'event': 'verbose', 'uuid': '7b5321b0-66c0-4663-8d90-b70356e7c683', 'counter': 50, 'stdout': '  --connection-password-file CONNECTION_PASSWORD_FILE, --conn-pass-file CONNECTION_PASSWORD_FILE', 'start_line': 49, 'end_line': 50, 'runner_ident': '9b1a2888-d90c-486a-8cc4-6535b20f0334', 'created': '2026-01-25T12:17:43.292609+00:00'}
2026-01-25T12:17:43.394550+00:00 CRITICAL 'ansible_navigator.actions.run_822e._handle_message' Unhandled message from runner queue, discarded: {'event': 'verbose', 'uuid': '23a83c8a-5d4d-4a36-ae03-ba13bdb6cea0', 'counter': 51, 'stdout': '                        Connection password file', 'start_line': 50, 'end_line': 51, 'runner_ident': '9b1a2888-d90c-486a-8cc4-6535b20f0334', 'created': '2026-01-25T12:17:43.292678+00:00'}
2026-01-25T12:17:43.394685+00:00 CRITICAL 'ansible_navigator.actions.run_822e._handle_message' Unhandled message from runner queue, discarded: {'event': 'verbose', 'uuid': '04c7d7db-49dc-4b59-8888-0c46e6757878', 'counter': 52, 'stdout': '  --flush-cache         clear the fact cache for every host in inventory', 'start_line': 51, 'end_line': 52, 'runner_ident': '9b1a2888-d90c-486a-8cc4-6535b20f0334', 'created': '2026-01-25T12:17:43.292772+00:00'}
2026-01-25T12:17:43.394792+00:00 CRITICAL 'ansible_navigator.actions.run_822e._handle_message' Unhandled message from runner queue, discarded: {'event': 'verbose', 'uuid': '89425eac-1407-41d0-88d2-fc541a20a128', 'counter': 53, 'stdout': '  --force-handlers      run handlers even if a task fails', 'start_line': 52, 'end_line': 53, 'runner_ident': '9b1a2888-d90c-486a-8cc4-6535b20f0334', 'created': '2026-01-25T12:17:43.294010+00:00'}
2026-01-25T12:17:43.396058+00:00 CRITICAL 'ansible_navigator.actions.run_822e._handle_message' Unhandled message from runner queue, discarded: {'event': 'verbose', 'uuid': '7301b4f4-08be-4eac-95cd-6a1a93738af7', 'counter': 54, 'stdout': '  --list-hosts          outputs a list of matching hosts; does not execute', 'start_line': 53, 'end_line': 54, 'runner_ident': '9b1a2888-d90c-486a-8cc4-6535b20f0334', 'created': '2026-01-25T12:17:43.294134+00:00'}
2026-01-25T12:17:43.396127+00:00 CRITICAL 'ansible_navigator.actions.run_822e._handle_message' Unhandled message from runner queue, discarded: {'event': 'verbose', 'uuid': 'a7c5c7c8-a868-4326-acf4-712653bb0478', 'counter': 55, 'stdout': '                        anything else', 'start_line': 54, 'end_line': 55, 'runner_ident': '9b1a2888-d90c-486a-8cc4-6535b20f0334', 'created': '2026-01-25T12:17:43.294249+00:00'}
2026-01-25T12:17:43.396185+00:00 CRITICAL 'ansible_navigator.actions.run_822e._handle_message' Unhandled message from runner queue, discarded: {'event': 'verbose', 'uuid': '7e7c07c2-a19f-4963-bd3a-bf7f443056ff', 'counter': 56, 'stdout': '  --list-tags           list all available tags', 'start_line': 55, 'end_line': 56, 'runner_ident': '9b1a2888-d90c-486a-8cc4-6535b20f0334', 'created': '2026-01-25T12:17:43.294410+00:00'}
2026-01-25T12:17:43.396239+00:00 CRITICAL 'ansible_navigator.actions.run_822e._handle_message' Unhandled message from runner queue, discarded: {'event': 'verbose', 'uuid': '226447e5-8e07-49f8-b371-eb98a9cb5264', 'counter': 57, 'stdout': '  --list-tasks          list all tasks that would be executed', 'start_line': 56, 'end_line': 57, 'runner_ident': '9b1a2888-d90c-486a-8cc4-6535b20f0334', 'created': '2026-01-25T12:17:43.295996+00:00'}
2026-01-25T12:17:43.396293+00:00 CRITICAL 'ansible_navigator.actions.run_822e._handle_message' Unhandled message from runner queue, discarded: {'event': 'verbose', 'uuid': '8945ee55-15dd-4c61-85f1-4b90e36c8b9c', 'counter': 58, 'stdout': '  --skip-tags SKIP_TAGS', 'start_line': 57, 'end_line': 58, 'runner_ident': '9b1a2888-d90c-486a-8cc4-6535b20f0334', 'created': '2026-01-25T12:17:43.296104+00:00'}
2026-01-25T12:17:43.396356+00:00 CRITICAL 'ansible_navigator.actions.run_822e._handle_message' Unhandled message from runner queue, discarded: {'event': 'verbose', 'uuid': '60b93be2-4b88-41e9-b55b-75f7b5d872c7', 'counter': 59, 'stdout': '                        only run plays and tasks whose tags do not match these', 'start_line': 58, 'end_line': 59, 'runner_ident': '9b1a2888-d90c-486a-8cc4-6535b20f0334', 'created': '2026-01-25T12:17:43.296187+00:00'}
2026-01-25T12:17:43.396423+00:00 CRITICAL 'ansible_navigator.actions.run_822e._handle_message' Unhandled message from runner queue, discarded: {'event': 'verbose', 'uuid': 'ff53e5f4-1f41-4094-b77b-32f3bd4aaf11', 'counter': 60, 'stdout': '                        values. This argument may be specified multiple times.', 'start_line': 59, 'end_line': 60, 'runner_ident': '9b1a2888-d90c-486a-8cc4-6535b20f0334', 'created': '2026-01-25T12:17:43.296259+00:00'}
2026-01-25T12:17:43.396477+00:00 CRITICAL 'ansible_navigator.actions.run_822e._handle_message' Unhandled message from runner queue, discarded: {'event': 'verbose', 'uuid': '3e678999-c00b-4e4c-b0a8-b6a714b12878', 'counter': 61, 'stdout': '  --start-at-task START_AT_TASK', 'start_line': 60, 'end_line': 61, 'runner_ident': '9b1a2888-d90c-486a-8cc4-6535b20f0334', 'created': '2026-01-25T12:17:43.296329+00:00'}
2026-01-25T12:17:43.396530+00:00 CRITICAL 'ansible_navigator.actions.run_822e._handle_message' Unhandled message from runner queue, discarded: {'event': 'verbose', 'uuid': '71771ed7-4d53-4699-a5f5-1bcb65bbe975', 'counter': 62, 'stdout': '                        start the playbook at the task matching this name', 'start_line': 61, 'end_line': 62, 'runner_ident': '9b1a2888-d90c-486a-8cc4-6535b20f0334', 'created': '2026-01-25T12:17:43.296395+00:00'}
2026-01-25T12:17:43.396580+00:00 CRITICAL 'ansible_navigator.actions.run_822e._handle_message' Unhandled message from runner queue, discarded: {'event': 'verbose', 'uuid': 'fb76a32a-a3bf-4f3b-b2af-8a25e1343200', 'counter': 63, 'stdout': '  --step                one-step-at-a-time: confirm each task before running', 'start_line': 62, 'end_line': 63, 'runner_ident': '9b1a2888-d90c-486a-8cc4-6535b20f0334', 'created': '2026-01-25T12:17:43.296464+00:00'}
2026-01-25T12:17:43.396631+00:00 CRITICAL 'ansible_navigator.actions.run_822e._handle_message' Unhandled message from runner queue, discarded: {'event': 'verbose', 'uuid': '31fb3653-c4ee-4f76-9b93-2317fa3bf449', 'counter': 64, 'stdout': '  --syntax-check        perform a syntax check on the playbook, but do not', 'start_line': 63, 'end_line': 64, 'runner_ident': '9b1a2888-d90c-486a-8cc4-6535b20f0334', 'created': '2026-01-25T12:17:43.296528+00:00'}
2026-01-25T12:17:43.396680+00:00 CRITICAL 'ansible_navigator.actions.run_822e._handle_message' Unhandled message from runner queue, discarded: {'event': 'verbose', 'uuid': 'aadc363d-eea3-496b-8bab-35f463826ccf', 'counter': 65, 'stdout': '                        execute it', 'start_line': 64, 'end_line': 65, 'runner_ident': '9b1a2888-d90c-486a-8cc4-6535b20f0334', 'created': '2026-01-25T12:17:43.296598+00:00'}
2026-01-25T12:17:43.396728+00:00 CRITICAL 'ansible_navigator.actions.run_822e._handle_message' Unhandled message from runner queue, discarded: {'event': 'verbose', 'uuid': '53434f72-db5a-45ad-aa01-bb774868b8cf', 'counter': 66, 'stdout': '  --vault-id VAULT_IDS  the vault identity to use. This argument may be', 'start_line': 65, 'end_line': 66, 'runner_ident': '9b1a2888-d90c-486a-8cc4-6535b20f0334', 'created': '2026-01-25T12:17:43.296663+00:00'}
2026-01-25T12:17:43.396776+00:00 CRITICAL 'ansible_navigator.actions.run_822e._handle_message' Unhandled message from runner queue, discarded: {'event': 'verbose', 'uuid': 'e88b3444-5cea-48f3-b80f-6d5ab71a1f3e', 'counter': 67, 'stdout': '                        specified multiple times.', 'start_line': 66, 'end_line': 67, 'runner_ident': '9b1a2888-d90c-486a-8cc4-6535b20f0334', 'created': '2026-01-25T12:17:43.296726+00:00'}
2026-01-25T12:17:43.397932+00:00 CRITICAL 'ansible_navigator.actions.run_822e._handle_message' Unhandled message from runner queue, discarded: {'event': 'verbose', 'uuid': 'dd0ddbef-2b37-4f71-873a-2163055498f8', 'counter': 68, 'stdout': '  --vault-password-file VAULT_PASSWORD_FILES, --vault-pass-file VAULT_PASSWORD_FILES', 'start_line': 67, 'end_line': 68, 'runner_ident': '9b1a2888-d90c-486a-8cc4-6535b20f0334', 'created': '2026-01-25T12:17:43.297827+00:00'}
2026-01-25T12:17:43.398054+00:00 CRITICAL 'ansible_navigator.actions.run_822e._handle_message' Unhandled message from runner queue, discarded: {'event': 'verbose', 'uuid': '902cc44b-8778-4817-aef5-a343f6336d9e', 'counter': 69, 'stdout': '                        vault password file', 'start_line': 68, 'end_line': 69, 'runner_ident': '9b1a2888-d90c-486a-8cc4-6535b20f0334', 'created': '2026-01-25T12:17:43.297964+00:00'}
2026-01-25T12:17:43.398193+00:00 CRITICAL 'ansible_navigator.actions.run_822e._handle_message' Unhandled message from runner queue, discarded: {'event': 'verbose', 'uuid': '7a2e536a-c20b-4c27-a8ed-f917f2ceadd6', 'counter': 70, 'stdout': "  --version             show program's version number, config file location,", 'start_line': 69, 'end_line': 70, 'runner_ident': '9b1a2888-d90c-486a-8cc4-6535b20f0334', 'created': '2026-01-25T12:17:43.298047+00:00'}
2026-01-25T12:17:43.398256+00:00 CRITICAL 'ansible_navigator.actions.run_822e._handle_message' Unhandled message from runner queue, discarded: {'event': 'verbose', 'uuid': '684152d4-880d-4938-9b42-b53bf0d20764', 'counter': 71, 'stdout': '                        configured module search path, module location,', 'start_line': 70, 'end_line': 71, 'runner_ident': '9b1a2888-d90c-486a-8cc4-6535b20f0334', 'created': '2026-01-25T12:17:43.298141+00:00'}
2026-01-25T12:17:43.398318+00:00 CRITICAL 'ansible_navigator.actions.run_822e._handle_message' Unhandled message from runner queue, discarded: {'event': 'verbose', 'uuid': 'bb3edeb0-084a-4596-8c0b-01aefbb418eb', 'counter': 72, 'stdout': '                        executable location and exit', 'start_line': 71, 'end_line': 72, 'runner_ident': '9b1a2888-d90c-486a-8cc4-6535b20f0334', 'created': '2026-01-25T12:17:43.298210+00:00'}
2026-01-25T12:17:43.398376+00:00 CRITICAL 'ansible_navigator.actions.run_822e._handle_message' Unhandled message from runner queue, discarded: {'event': 'verbose', 'uuid': 'd126cd7b-faaa-4cc7-b7a5-814d8450d11f', 'counter': 73, 'stdout': "  -C, --check           don't make any changes; instead, try to predict some", 'start_line': 72, 'end_line': 73, 'runner_ident': '9b1a2888-d90c-486a-8cc4-6535b20f0334', 'created': '2026-01-25T12:17:43.298301+00:00'}
2026-01-25T12:17:43.398433+00:00 CRITICAL 'ansible_navigator.actions.run_822e._handle_message' Unhandled message from runner queue, discarded: {'event': 'verbose', 'uuid': 'd0f9f5ec-56f0-4730-a19e-9ac0d0722dbf', 'counter': 74, 'stdout': '                        of the changes that may occur', 'start_line': 73, 'end_line': 74, 'runner_ident': '9b1a2888-d90c-486a-8cc4-6535b20f0334', 'created': '2026-01-25T12:17:43.298369+00:00'}
2026-01-25T12:17:43.398490+00:00 CRITICAL 'ansible_navigator.actions.run_822e._handle_message' Unhandled message from runner queue, discarded: {'event': 'verbose', 'uuid': '0664bbf6-d0b0-4441-bed4-6a96b84d30e9', 'counter': 75, 'stdout': '  -D, --diff            when changing (small) files and templates, show the', 'start_line': 74, 'end_line': 75, 'runner_ident': '9b1a2888-d90c-486a-8cc4-6535b20f0334', 'created': '2026-01-25T12:17:43.298432+00:00'}
2026-01-25T12:17:43.398548+00:00 CRITICAL 'ansible_navigator.actions.run_822e._handle_message' Unhandled message from runner queue, discarded: {'event': 'verbose', 'uuid': '9526a461-c8cc-48ca-b7cf-a3ba9ec79498', 'counter': 76, 'stdout': '                        differences in those files; works great with --check', 'start_line': 75, 'end_line': 76, 'runner_ident': '9b1a2888-d90c-486a-8cc4-6535b20f0334', 'created': '2026-01-25T12:17:43.298494+00:00'}
2026-01-25T12:17:43.398605+00:00 CRITICAL 'ansible_navigator.actions.run_822e._handle_message' Unhandled message from runner queue, discarded: {'event': 'verbose', 'uuid': '8a6523db-820e-4eaa-8e4f-0fe4f8dc78aa', 'counter': 77, 'stdout': '  -J, --ask-vault-password, --ask-vault-pass', 'start_line': 76, 'end_line': 77, 'runner_ident': '9b1a2888-d90c-486a-8cc4-6535b20f0334', 'created': '2026-01-25T12:17:43.298557+00:00'}
2026-01-25T12:17:43.398666+00:00 CRITICAL 'ansible_navigator.actions.run_822e._handle_message' Unhandled message from runner queue, discarded: {'event': 'verbose', 'uuid': '167e8bdf-bc83-46dd-9da8-2feef2a29b72', 'counter': 78, 'stdout': '                        ask for vault password', 'start_line': 77, 'end_line': 78, 'runner_ident': '9b1a2888-d90c-486a-8cc4-6535b20f0334', 'created': '2026-01-25T12:17:43.298623+00:00'}
2026-01-25T12:17:43.398721+00:00 CRITICAL 'ansible_navigator.actions.run_822e._handle_message' Unhandled message from runner queue, discarded: {'event': 'verbose', 'uuid': '3597d71a-527a-4bb8-8946-9a7dfa93d36e', 'counter': 79, 'stdout': '  -K, --ask-become-pass', 'start_line': 78, 'end_line': 79, 'runner_ident': '9b1a2888-d90c-486a-8cc4-6535b20f0334', 'created': '2026-01-25T12:17:43.298687+00:00'}
2026-01-25T12:17:43.398783+00:00 CRITICAL 'ansible_navigator.actions.run_822e._handle_message' Unhandled message from runner queue, discarded: {'event': 'verbose', 'uuid': '9494cb2d-ef66-49e6-bdd0-c3bcb9f8d942', 'counter': 80, 'stdout': '                        ask for privilege escalation password', 'start_line': 79, 'end_line': 80, 'runner_ident': '9b1a2888-d90c-486a-8cc4-6535b20f0334', 'created': '2026-01-25T12:17:43.298792+00:00'}
2026-01-25T12:17:43.400276+00:00 CRITICAL 'ansible_navigator.actions.run_822e._handle_message' Unhandled message from runner queue, discarded: {'event': 'verbose', 'uuid': '7e1f3187-eba4-44dd-a878-a5cca739d17d', 'counter': 81, 'stdout': '  -M MODULE_PATH, --module-path MODULE_PATH', 'start_line': 80, 'end_line': 81, 'runner_ident': '9b1a2888-d90c-486a-8cc4-6535b20f0334', 'created': '2026-01-25T12:17:43.300019+00:00'}
2026-01-25T12:17:43.400356+00:00 CRITICAL 'ansible_navigator.actions.run_822e._handle_message' Unhandled message from runner queue, discarded: {'event': 'verbose', 'uuid': 'a3c48a14-739c-4106-94bd-c54957d40b19', 'counter': 82, 'stdout': '                        prepend colon-separated path(s) to module library', 'start_line': 81, 'end_line': 82, 'runner_ident': '9b1a2888-d90c-486a-8cc4-6535b20f0334', 'created': '2026-01-25T12:17:43.300103+00:00'}
2026-01-25T12:17:43.400424+00:00 CRITICAL 'ansible_navigator.actions.run_822e._handle_message' Unhandled message from runner queue, discarded: {'event': 'verbose', 'uuid': '03252a07-b940-40d9-9941-ca918bfd94ed', 'counter': 83, 'stdout': '                        (default={{ ANSIBLE_HOME ~', 'start_line': 82, 'end_line': 83, 'runner_ident': '9b1a2888-d90c-486a-8cc4-6535b20f0334', 'created': '2026-01-25T12:17:43.300174+00:00'}
2026-01-25T12:17:43.400486+00:00 CRITICAL 'ansible_navigator.actions.run_822e._handle_message' Unhandled message from runner queue, discarded: {'event': 'verbose', 'uuid': 'a9005216-6127-49a0-92f2-10c0fa2854bc', 'counter': 84, 'stdout': '                        "/plugins/modules:/usr/share/ansible/plugins/modules"', 'start_line': 83, 'end_line': 84, 'runner_ident': '9b1a2888-d90c-486a-8cc4-6535b20f0334', 'created': '2026-01-25T12:17:43.300246+00:00'}
2026-01-25T12:17:43.400546+00:00 CRITICAL 'ansible_navigator.actions.run_822e._handle_message' Unhandled message from runner queue, discarded: {'event': 'verbose', 'uuid': '12f97024-c1ce-453c-8c6e-9130d799f68b', 'counter': 85, 'stdout': '                        }}). This argument may be specified multiple times.', 'start_line': 84, 'end_line': 85, 'runner_ident': '9b1a2888-d90c-486a-8cc4-6535b20f0334', 'created': '2026-01-25T12:17:43.300318+00:00'}
2026-01-25T12:17:43.400612+00:00 CRITICAL 'ansible_navigator.actions.run_822e._handle_message' Unhandled message from runner queue, discarded: {'event': 'verbose', 'uuid': '6635f7db-9b04-4725-960b-afc4a08545e2', 'counter': 86, 'stdout': '  -e EXTRA_VARS, --extra-vars EXTRA_VARS', 'start_line': 85, 'end_line': 86, 'runner_ident': '9b1a2888-d90c-486a-8cc4-6535b20f0334', 'created': '2026-01-25T12:17:43.300467+00:00'}
2026-01-25T12:17:43.400670+00:00 CRITICAL 'ansible_navigator.actions.run_822e._handle_message' Unhandled message from runner queue, discarded: {'event': 'verbose', 'uuid': 'a7b59d7c-f77b-424b-a47d-06b71cf8be95', 'counter': 87, 'stdout': '                        set additional variables as key=value or YAML/JSON, if', 'start_line': 86, 'end_line': 87, 'runner_ident': '9b1a2888-d90c-486a-8cc4-6535b20f0334', 'created': '2026-01-25T12:17:43.300584+00:00'}
2026-01-25T12:17:43.400738+00:00 CRITICAL 'ansible_navigator.actions.run_822e._handle_message' Unhandled message from runner queue, discarded: {'event': 'verbose', 'uuid': '06e24111-6e9e-4d7a-a012-8dcb39444176', 'counter': 88, 'stdout': '                        filename prepend with @. This argument may be', 'start_line': 87, 'end_line': 88, 'runner_ident': '9b1a2888-d90c-486a-8cc4-6535b20f0334', 'created': '2026-01-25T12:17:43.300711+00:00'}
2026-01-25T12:17:43.401567+00:00 CRITICAL 'ansible_navigator.actions.run_822e._handle_message' Unhandled message from runner queue, discarded: {'event': 'verbose', 'uuid': '99dd4623-fc25-422a-9441-628204ab1ba7', 'counter': 89, 'stdout': '                        specified multiple times.', 'start_line': 88, 'end_line': 89, 'runner_ident': '9b1a2888-d90c-486a-8cc4-6535b20f0334', 'created': '2026-01-25T12:17:43.301176+00:00'}
2026-01-25T12:17:43.401711+00:00 CRITICAL 'ansible_navigator.actions.run_822e._handle_message' Unhandled message from runner queue, discarded: {'event': 'verbose', 'uuid': '4e962a39-a356-4305-b481-1f4951986e19', 'counter': 90, 'stdout': '  -f FORKS, --forks FORKS', 'start_line': 89, 'end_line': 90, 'runner_ident': '9b1a2888-d90c-486a-8cc4-6535b20f0334', 'created': '2026-01-25T12:17:43.301297+00:00'}
2026-01-25T12:17:43.401783+00:00 CRITICAL 'ansible_navigator.actions.run_822e._handle_message' Unhandled message from runner queue, discarded: {'event': 'verbose', 'uuid': 'c2c63b1c-2079-4792-9c0f-773c3334f323', 'counter': 91, 'stdout': '                        specify number of parallel processes to use', 'start_line': 90, 'end_line': 91, 'runner_ident': '9b1a2888-d90c-486a-8cc4-6535b20f0334', 'created': '2026-01-25T12:17:43.301390+00:00'}
2026-01-25T12:17:43.401933+00:00 CRITICAL 'ansible_navigator.actions.run_822e._handle_message' Unhandled message from runner queue, discarded: {'event': 'verbose', 'uuid': '438cb46d-db8b-490d-a34d-cca454cb3ce1', 'counter': 92, 'stdout': '                        (default=5)', 'start_line': 91, 'end_line': 92, 'runner_ident': '9b1a2888-d90c-486a-8cc4-6535b20f0334', 'created': '2026-01-25T12:17:43.301497+00:00'}
2026-01-25T12:17:43.402050+00:00 CRITICAL 'ansible_navigator.actions.run_822e._handle_message' Unhandled message from runner queue, discarded: {'event': 'verbose', 'uuid': '2e8feddf-8d4b-4407-b07a-d033c9d4b58d', 'counter': 93, 'stdout': '  -h, --help            show this help message and exit', 'start_line': 92, 'end_line': 93, 'runner_ident': '9b1a2888-d90c-486a-8cc4-6535b20f0334', 'created': '2026-01-25T12:17:43.301641+00:00'}
2026-01-25T12:17:43.402142+00:00 CRITICAL 'ansible_navigator.actions.run_822e._handle_message' Unhandled message from runner queue, discarded: {'event': 'verbose', 'uuid': '5cf039aa-45b3-48ac-ba22-5100bec2429f', 'counter': 94, 'stdout': '  -i INVENTORY, --inventory INVENTORY, --inventory-file INVENTORY', 'start_line': 93, 'end_line': 94, 'runner_ident': '9b1a2888-d90c-486a-8cc4-6535b20f0334', 'created': '2026-01-25T12:17:43.301739+00:00'}
2026-01-25T12:17:43.402201+00:00 CRITICAL 'ansible_navigator.actions.run_822e._handle_message' Unhandled message from runner queue, discarded: {'event': 'verbose', 'uuid': 'a380627d-049d-44cd-8e16-9f3ad41a26b7', 'counter': 95, 'stdout': '                        specify inventory host path or comma separated host', 'start_line': 94, 'end_line': 95, 'runner_ident': '9b1a2888-d90c-486a-8cc4-6535b20f0334', 'created': '2026-01-25T12:17:43.302867+00:00'}
2026-01-25T12:17:43.402259+00:00 CRITICAL 'ansible_navigator.actions.run_822e._handle_message' Unhandled message from runner queue, discarded: {'event': 'verbose', 'uuid': 'eb0375f5-2100-4f1b-944c-039fa2d466e5', 'counter': 96, 'stdout': '                        list. --inventory-file is deprecated. This argument', 'start_line': 95, 'end_line': 96, 'runner_ident': '9b1a2888-d90c-486a-8cc4-6535b20f0334', 'created': '2026-01-25T12:17:43.303041+00:00'}
2026-01-25T12:17:43.402328+00:00 CRITICAL 'ansible_navigator.actions.run_822e._handle_message' Unhandled message from runner queue, discarded: {'event': 'verbose', 'uuid': 'f1396571-af96-4ba5-b910-ad4c74d949e4', 'counter': 97, 'stdout': '                        may be specified multiple times.', 'start_line': 96, 'end_line': 97, 'runner_ident': '9b1a2888-d90c-486a-8cc4-6535b20f0334', 'created': '2026-01-25T12:17:43.303115+00:00'}
2026-01-25T12:17:43.402388+00:00 CRITICAL 'ansible_navigator.actions.run_822e._handle_message' Unhandled message from runner queue, discarded: {'event': 'verbose', 'uuid': '783ada4e-90cd-40f8-87bb-91034717373f', 'counter': 98, 'stdout': '  -k, --ask-pass        ask for connection password', 'start_line': 97, 'end_line': 98, 'runner_ident': '9b1a2888-d90c-486a-8cc4-6535b20f0334', 'created': '2026-01-25T12:17:43.303211+00:00'}
2026-01-25T12:17:43.402505+00:00 CRITICAL 'ansible_navigator.actions.run_822e._handle_message' Unhandled message from runner queue, discarded: {'event': 'verbose', 'uuid': '059cfa84-c556-4ecf-8cae-ca87c4f88dc3', 'counter': 99, 'stdout': '  -l SUBSET, --limit SUBSET', 'start_line': 98, 'end_line': 99, 'runner_ident': '9b1a2888-d90c-486a-8cc4-6535b20f0334', 'created': '2026-01-25T12:17:43.303278+00:00'}
2026-01-25T12:17:43.402596+00:00 CRITICAL 'ansible_navigator.actions.run_822e._handle_message' Unhandled message from runner queue, discarded: {'event': 'verbose', 'uuid': '0ef1a099-4eb7-410c-b7d0-e4961d820a26', 'counter': 100, 'stdout': '                        further limit selected hosts to an additional pattern', 'start_line': 99, 'end_line': 100, 'runner_ident': '9b1a2888-d90c-486a-8cc4-6535b20f0334', 'created': '2026-01-25T12:17:43.303343+00:00'}
2026-01-25T12:17:43.402654+00:00 CRITICAL 'ansible_navigator.actions.run_822e._handle_message' Unhandled message from runner queue, discarded: {'event': 'verbose', 'uuid': '04afaaec-1a97-4684-904e-853007a54d72', 'counter': 101, 'stdout': '  -t TAGS, --tags TAGS  only run plays and tasks tagged with these values.', 'start_line': 100, 'end_line': 101, 'runner_ident': '9b1a2888-d90c-486a-8cc4-6535b20f0334', 'created': '2026-01-25T12:17:43.303412+00:00'}
2026-01-25T12:17:43.402712+00:00 CRITICAL 'ansible_navigator.actions.run_822e._handle_message' Unhandled message from runner queue, discarded: {'event': 'verbose', 'uuid': 'fdd2a48c-4e35-4f7e-a20a-ac5913a2d9e5', 'counter': 102, 'stdout': '                        This argument may be specified multiple times.', 'start_line': 101, 'end_line': 102, 'runner_ident': '9b1a2888-d90c-486a-8cc4-6535b20f0334', 'created': '2026-01-25T12:17:43.303476+00:00'}
2026-01-25T12:17:43.402768+00:00 CRITICAL 'ansible_navigator.actions.run_822e._handle_message' Unhandled message from runner queue, discarded: {'event': 'verbose', 'uuid': '1e818ff3-30f6-4f9d-ae68-490b5de7e5dd', 'counter': 103, 'stdout': '  -v, --verbose         Causes Ansible to print more debug messages. Adding', 'start_line': 102, 'end_line': 103, 'runner_ident': '9b1a2888-d90c-486a-8cc4-6535b20f0334', 'created': '2026-01-25T12:17:43.303543+00:00'}
2026-01-25T12:17:43.403928+00:00 CRITICAL 'ansible_navigator.actions.run_822e._handle_message' Unhandled message from runner queue, discarded: {'event': 'verbose', 'uuid': 'c41b79bd-191b-462a-a4b8-f078fc143f1f', 'counter': 104, 'stdout': '                        multiple -v will increase the verbosity, the builtin', 'start_line': 103, 'end_line': 104, 'runner_ident': '9b1a2888-d90c-486a-8cc4-6535b20f0334', 'created': '2026-01-25T12:17:43.303608+00:00'}
2026-01-25T12:17:43.404065+00:00 CRITICAL 'ansible_navigator.actions.run_822e._handle_message' Unhandled message from runner queue, discarded: {'event': 'verbose', 'uuid': '7f600e12-0c23-49ed-b474-d3fc6e2293b1', 'counter': 105, 'stdout': '                        plugins currently evaluate up to -vvvvvv. A reasonable', 'start_line': 104, 'end_line': 105, 'runner_ident': '9b1a2888-d90c-486a-8cc4-6535b20f0334', 'created': '2026-01-25T12:17:43.303675+00:00'}
2026-01-25T12:17:43.404155+00:00 CRITICAL 'ansible_navigator.actions.run_822e._handle_message' Unhandled message from runner queue, discarded: {'event': 'verbose', 'uuid': '979a2bb9-93ca-42dd-bf74-0a181dafa050', 'counter': 106, 'stdout': '                        level to start is -vvv, connection debugging might', 'start_line': 105, 'end_line': 106, 'runner_ident': '9b1a2888-d90c-486a-8cc4-6535b20f0334', 'created': '2026-01-25T12:17:43.303751+00:00'}
2026-01-25T12:17:43.404906+00:00 CRITICAL 'ansible_navigator.actions.run_822e._handle_message' Unhandled message from runner queue, discarded: {'event': 'verbose', 'uuid': 'e5cb29b7-7a38-4ad2-b64a-6e93a7c163c0', 'counter': 107, 'stdout': '                        require -vvvv. This argument may be specified multiple', 'start_line': 106, 'end_line': 107, 'runner_ident': '9b1a2888-d90c-486a-8cc4-6535b20f0334', 'created': '2026-01-25T12:17:43.304859+00:00'}
2026-01-25T12:17:43.405045+00:00 CRITICAL 'ansible_navigator.actions.run_822e._handle_message' Unhandled message from runner queue, discarded: {'event': 'verbose', 'uuid': '4eeb56dd-0785-4c4f-8322-f752551e7c0f', 'counter': 108, 'stdout': '                        times.', 'start_line': 107, 'end_line': 108, 'runner_ident': '9b1a2888-d90c-486a-8cc4-6535b20f0334', 'created': '2026-01-25T12:17:43.305002+00:00'}
2026-01-25T12:17:43.405097+00:00 CRITICAL 'ansible_navigator.actions.run_822e._handle_message' Unhandled message from runner queue, discarded: {'event': 'verbose', 'uuid': 'ca3b3f58-4edb-473a-b01c-aa28a8529234', 'counter': 109, 'stdout': '', 'start_line': 108, 'end_line': 109, 'runner_ident': '9b1a2888-d90c-486a-8cc4-6535b20f0334', 'created': '2026-01-25T12:17:43.305073+00:00'}
2026-01-25T12:17:43.405159+00:00 CRITICAL 'ansible_navigator.actions.run_822e._handle_message' Unhandled message from runner queue, discarded: {'event': 'verbose', 'uuid': '91fd8d22-2748-4d87-bf9a-6785db74d4dc', 'counter': 110, 'stdout': 'Connection Options:', 'start_line': 109, 'end_line': 110, 'runner_ident': '9b1a2888-d90c-486a-8cc4-6535b20f0334', 'created': '2026-01-25T12:17:43.305139+00:00'}
2026-01-25T12:17:43.405219+00:00 CRITICAL 'ansible_navigator.actions.run_822e._handle_message' Unhandled message from runner queue, discarded: {'event': 'verbose', 'uuid': 'b0701ace-2257-4fa4-86f3-6614026a393b', 'counter': 111, 'stdout': '  control as whom and how to connect to hosts', 'start_line': 110, 'end_line': 111, 'runner_ident': '9b1a2888-d90c-486a-8cc4-6535b20f0334', 'created': '2026-01-25T12:17:43.305204+00:00'}
2026-01-25T12:17:43.405261+00:00 CRITICAL 'ansible_navigator.actions.run_822e._handle_message' Unhandled message from runner queue, discarded: {'event': 'verbose', 'uuid': '217e73e3-6492-4cb0-ba59-b94c7ea44b27', 'counter': 112, 'stdout': '', 'start_line': 111, 'end_line': 112, 'runner_ident': '9b1a2888-d90c-486a-8cc4-6535b20f0334', 'created': '2026-01-25T12:17:43.305267+00:00'}
2026-01-25T12:17:43.405320+00:00 CRITICAL 'ansible_navigator.actions.run_822e._handle_message' Unhandled message from runner queue, discarded: {'event': 'verbose', 'uuid': '3bbc6f1c-6762-40c6-b7e5-88331215d93b', 'counter': 113, 'stdout': '  --private-key PRIVATE_KEY_FILE, --key-file PRIVATE_KEY_FILE', 'start_line': 112, 'end_line': 113, 'runner_ident': '9b1a2888-d90c-486a-8cc4-6535b20f0334', 'created': '2026-01-25T12:17:43.305340+00:00'}
2026-01-25T12:17:43.405378+00:00 CRITICAL 'ansible_navigator.actions.run_822e._handle_message' Unhandled message from runner queue, discarded: {'event': 'verbose', 'uuid': '8ed40cb5-629e-4c92-b60e-4f326f085823', 'counter': 114, 'stdout': '                        use this file to authenticate the connection', 'start_line': 113, 'end_line': 114, 'runner_ident': '9b1a2888-d90c-486a-8cc4-6535b20f0334', 'created': '2026-01-25T12:17:43.305406+00:00'}
2026-01-25T12:17:43.405435+00:00 CRITICAL 'ansible_navigator.actions.run_822e._handle_message' Unhandled message from runner queue, discarded: {'event': 'verbose', 'uuid': 'a960445b-7078-4b94-b1ec-65a6adbf347e', 'counter': 115, 'stdout': '  --scp-extra-args SCP_EXTRA_ARGS', 'start_line': 114, 'end_line': 115, 'runner_ident': '9b1a2888-d90c-486a-8cc4-6535b20f0334', 'created': '2026-01-25T12:17:43.305470+00:00'}
2026-01-25T12:17:43.405502+00:00 CRITICAL 'ansible_navigator.actions.run_822e._handle_message' Unhandled message from runner queue, discarded: {'event': 'verbose', 'uuid': '561b51a4-c104-4399-9769-c895d530deb2', 'counter': 116, 'stdout': '                        specify extra arguments to pass to scp only (e.g. -l)', 'start_line': 115, 'end_line': 116, 'runner_ident': '9b1a2888-d90c-486a-8cc4-6535b20f0334', 'created': '2026-01-25T12:17:43.305530+00:00'}
2026-01-25T12:17:43.405560+00:00 CRITICAL 'ansible_navigator.actions.run_822e._handle_message' Unhandled message from runner queue, discarded: {'event': 'verbose', 'uuid': 'e9feba00-df02-44b3-890f-4bd24d8be56c', 'counter': 117, 'stdout': '  --sftp-extra-args SFTP_EXTRA_ARGS', 'start_line': 116, 'end_line': 117, 'runner_ident': '9b1a2888-d90c-486a-8cc4-6535b20f0334', 'created': '2026-01-25T12:17:43.305592+00:00'}
2026-01-25T12:17:43.405615+00:00 CRITICAL 'ansible_navigator.actions.run_822e._handle_message' Unhandled message from runner queue, discarded: {'event': 'verbose', 'uuid': '65bb1c7e-bcef-4043-afed-16aa0265f2fa', 'counter': 118, 'stdout': '                        specify extra arguments to pass to sftp only (e.g. -f,', 'start_line': 117, 'end_line': 118, 'runner_ident': '9b1a2888-d90c-486a-8cc4-6535b20f0334', 'created': '2026-01-25T12:17:43.305664+00:00'}
2026-01-25T12:17:43.405668+00:00 CRITICAL 'ansible_navigator.actions.run_822e._handle_message' Unhandled message from runner queue, discarded: {'event': 'verbose', 'uuid': '51dce2a6-aa25-420b-9529-654ad894579a', 'counter': 119, 'stdout': '                        -l)', 'start_line': 118, 'end_line': 119, 'runner_ident': '9b1a2888-d90c-486a-8cc4-6535b20f0334', 'created': '2026-01-25T12:17:43.305727+00:00'}
2026-01-25T12:17:43.405723+00:00 CRITICAL 'ansible_navigator.actions.run_822e._handle_message' Unhandled message from runner queue, discarded: {'event': 'verbose', 'uuid': 'aba8fac4-fe39-4618-9e12-0b0a64e11afc', 'counter': 120, 'stdout': '  --ssh-common-args SSH_COMMON_ARGS', 'start_line': 119, 'end_line': 120, 'runner_ident': '9b1a2888-d90c-486a-8cc4-6535b20f0334', 'created': '2026-01-25T12:17:43.306835+00:00'}
2026-01-25T12:17:43.405781+00:00 CRITICAL 'ansible_navigator.actions.run_822e._handle_message' Unhandled message from runner queue, discarded: {'event': 'verbose', 'uuid': 'e7abe662-2447-4d4f-ac99-ac53fdd80704', 'counter': 121, 'stdout': '                        specify common arguments to pass to sftp/scp/ssh (e.g.', 'start_line': 120, 'end_line': 121, 'runner_ident': '9b1a2888-d90c-486a-8cc4-6535b20f0334', 'created': '2026-01-25T12:17:43.306996+00:00'}
2026-01-25T12:17:43.406955+00:00 CRITICAL 'ansible_navigator.actions.run_822e._handle_message' Unhandled message from runner queue, discarded: {'event': 'verbose', 'uuid': 'a6f00dbf-ccf7-47ff-b3d4-9b97449f5660', 'counter': 122, 'stdout': '                        ProxyCommand)', 'start_line': 121, 'end_line': 122, 'runner_ident': '9b1a2888-d90c-486a-8cc4-6535b20f0334', 'created': '2026-01-25T12:17:43.307103+00:00'}
2026-01-25T12:17:43.407098+00:00 CRITICAL 'ansible_navigator.actions.run_822e._handle_message' Unhandled message from runner queue, discarded: {'event': 'verbose', 'uuid': 'e8b55970-a12c-40e4-a263-b9a0d3d49287', 'counter': 123, 'stdout': '  --ssh-extra-args SSH_EXTRA_ARGS', 'start_line': 122, 'end_line': 123, 'runner_ident': '9b1a2888-d90c-486a-8cc4-6535b20f0334', 'created': '2026-01-25T12:17:43.307169+00:00'}
2026-01-25T12:17:43.407173+00:00 CRITICAL 'ansible_navigator.actions.run_822e._handle_message' Unhandled message from runner queue, discarded: {'event': 'verbose', 'uuid': 'b96c1850-0159-4c9a-8ce0-20842d693f94', 'counter': 124, 'stdout': '                        specify extra arguments to pass to ssh only (e.g. -R)', 'start_line': 123, 'end_line': 124, 'runner_ident': '9b1a2888-d90c-486a-8cc4-6535b20f0334', 'created': '2026-01-25T12:17:43.307232+00:00'}
2026-01-25T12:17:43.407247+00:00 CRITICAL 'ansible_navigator.actions.run_822e._handle_message' Unhandled message from runner queue, discarded: {'event': 'verbose', 'uuid': '71a12a88-2363-48ac-9b12-7a616b904e7a', 'counter': 125, 'stdout': '  -T TIMEOUT, --timeout TIMEOUT', 'start_line': 124, 'end_line': 125, 'runner_ident': '9b1a2888-d90c-486a-8cc4-6535b20f0334', 'created': '2026-01-25T12:17:43.307303+00:00'}
2026-01-25T12:17:43.407310+00:00 CRITICAL 'ansible_navigator.actions.run_822e._handle_message' Unhandled message from runner queue, discarded: {'event': 'verbose', 'uuid': '45722c6e-e15f-4e23-86d9-408d303254f4', 'counter': 126, 'stdout': '                        override the connection timeout in seconds (default', 'start_line': 125, 'end_line': 126, 'runner_ident': '9b1a2888-d90c-486a-8cc4-6535b20f0334', 'created': '2026-01-25T12:17:43.308998+00:00'}
2026-01-25T12:17:43.407367+00:00 CRITICAL 'ansible_navigator.actions.run_822e._handle_message' Unhandled message from runner queue, discarded: {'event': 'verbose', 'uuid': 'c87c01a0-9e5c-41be-a7d8-94d261808652', 'counter': 127, 'stdout': '                        depends on connection)', 'start_line': 126, 'end_line': 127, 'runner_ident': '9b1a2888-d90c-486a-8cc4-6535b20f0334', 'created': '2026-01-25T12:17:43.309087+00:00'}
2026-01-25T12:17:43.407423+00:00 CRITICAL 'ansible_navigator.actions.run_822e._handle_message' Unhandled message from runner queue, discarded: {'event': 'verbose', 'uuid': '9cd23993-039c-41a7-bc00-d09900c59318', 'counter': 128, 'stdout': '  -c CONNECTION, --connection CONNECTION', 'start_line': 127, 'end_line': 128, 'runner_ident': '9b1a2888-d90c-486a-8cc4-6535b20f0334', 'created': '2026-01-25T12:17:43.309183+00:00'}
2026-01-25T12:17:43.407480+00:00 CRITICAL 'ansible_navigator.actions.run_822e._handle_message' Unhandled message from runner queue, discarded: {'event': 'verbose', 'uuid': '1f12aaec-5830-4de4-a18b-7d9b967ecaaf', 'counter': 129, 'stdout': '                        connection type to use (default=ssh)', 'start_line': 128, 'end_line': 129, 'runner_ident': '9b1a2888-d90c-486a-8cc4-6535b20f0334', 'created': '2026-01-25T12:17:43.309275+00:00'}
2026-01-25T12:17:43.407536+00:00 CRITICAL 'ansible_navigator.actions.run_822e._handle_message' Unhandled message from runner queue, discarded: {'event': 'verbose', 'uuid': 'b1ec16eb-0686-4032-b32c-d2e1e325f111', 'counter': 130, 'stdout': '  -u REMOTE_USER, --user REMOTE_USER', 'start_line': 129, 'end_line': 130, 'runner_ident': '9b1a2888-d90c-486a-8cc4-6535b20f0334', 'created': '2026-01-25T12:17:43.309371+00:00'}
2026-01-25T12:17:43.407619+00:00 CRITICAL 'ansible_navigator.actions.run_822e._handle_message' Unhandled message from runner queue, discarded: {'event': 'verbose', 'uuid': 'c2ba6c65-800d-4553-b749-6be0e0eb273a', 'counter': 131, 'stdout': '                        connect as this user (default=ansible)', 'start_line': 130, 'end_line': 131, 'runner_ident': '9b1a2888-d90c-486a-8cc4-6535b20f0334', 'created': '2026-01-25T12:17:43.309440+00:00'}
2026-01-25T12:17:43.407660+00:00 CRITICAL 'ansible_navigator.actions.run_822e._handle_message' Unhandled message from runner queue, discarded: {'event': 'verbose', 'uuid': 'a6b8ba18-94be-47b7-88f7-e9a867d1ab94', 'counter': 132, 'stdout': '', 'start_line': 131, 'end_line': 132, 'runner_ident': '9b1a2888-d90c-486a-8cc4-6535b20f0334', 'created': '2026-01-25T12:17:43.309503+00:00'}
2026-01-25T12:17:43.407715+00:00 CRITICAL 'ansible_navigator.actions.run_822e._handle_message' Unhandled message from runner queue, discarded: {'event': 'verbose', 'uuid': '81164516-aa56-4bc2-8c2e-5c98178d427f', 'counter': 133, 'stdout': 'Privilege Escalation Options:', 'start_line': 132, 'end_line': 133, 'runner_ident': '9b1a2888-d90c-486a-8cc4-6535b20f0334', 'created': '2026-01-25T12:17:43.309591+00:00'}
2026-01-25T12:17:43.407794+00:00 CRITICAL 'ansible_navigator.actions.run_822e._handle_message' Unhandled message from runner queue, discarded: {'event': 'verbose', 'uuid': '06c2a79c-cd7d-4dbf-b0fc-c2cd9de6282a', 'counter': 134, 'stdout': '  control how and which user you become as on target hosts', 'start_line': 133, 'end_line': 134, 'runner_ident': '9b1a2888-d90c-486a-8cc4-6535b20f0334', 'created': '2026-01-25T12:17:43.309709+00:00'}
2026-01-25T12:17:43.409133+00:00 CRITICAL 'ansible_navigator.actions.run_822e._handle_message' Unhandled message from runner queue, discarded: {'event': 'verbose', 'uuid': 'f7008e45-96db-40ce-bcc3-7872e2e272be', 'counter': 135, 'stdout': '', 'start_line': 134, 'end_line': 135, 'runner_ident': '9b1a2888-d90c-486a-8cc4-6535b20f0334', 'created': '2026-01-25T12:17:43.309827+00:00'}
2026-01-25T12:17:43.409228+00:00 CRITICAL 'ansible_navigator.actions.run_822e._handle_message' Unhandled message from runner queue, discarded: {'event': 'verbose', 'uuid': '6ca7f316-c9ce-4899-b43c-03c4e2fcb474', 'counter': 136, 'stdout': '  --become-method BECOME_METHOD', 'start_line': 135, 'end_line': 136, 'runner_ident': '9b1a2888-d90c-486a-8cc4-6535b20f0334', 'created': '2026-01-25T12:17:43.310015+00:00'}
2026-01-25T12:17:43.409299+00:00 CRITICAL 'ansible_navigator.actions.run_822e._handle_message' Unhandled message from runner queue, discarded: {'event': 'verbose', 'uuid': '96e88e20-5026-4a13-8d07-6a0c70ef4c90', 'counter': 137, 'stdout': '                        privilege escalation method to use (default=sudo), use', 'start_line': 136, 'end_line': 137, 'runner_ident': '9b1a2888-d90c-486a-8cc4-6535b20f0334', 'created': '2026-01-25T12:17:43.310085+00:00'}
2026-01-25T12:17:43.409407+00:00 CRITICAL 'ansible_navigator.actions.run_822e._handle_message' Unhandled message from runner queue, discarded: {'event': 'verbose', 'uuid': '61de9233-ecf8-46d9-ba36-a619cede48c9', 'counter': 138, 'stdout': '                        `ansible-doc -t become -l` to list valid choices.', 'start_line': 137, 'end_line': 138, 'runner_ident': '9b1a2888-d90c-486a-8cc4-6535b20f0334', 'created': '2026-01-25T12:17:43.310219+00:00'}
2026-01-25T12:17:43.409467+00:00 CRITICAL 'ansible_navigator.actions.run_822e._handle_message' Unhandled message from runner queue, discarded: {'event': 'verbose', 'uuid': '23cc0391-ef58-4d70-9ff2-3aaf73ca1ac0', 'counter': 139, 'stdout': '  --become-user BECOME_USER', 'start_line': 138, 'end_line': 139, 'runner_ident': '9b1a2888-d90c-486a-8cc4-6535b20f0334', 'created': '2026-01-25T12:17:43.310282+00:00'}
2026-01-25T12:17:43.409526+00:00 CRITICAL 'ansible_navigator.actions.run_822e._handle_message' Unhandled message from runner queue, discarded: {'event': 'verbose', 'uuid': '085b25e3-818e-4d8b-880b-a14f6cfd4631', 'counter': 140, 'stdout': '                        run operations as this user (default=root)', 'start_line': 139, 'end_line': 140, 'runner_ident': '9b1a2888-d90c-486a-8cc4-6535b20f0334', 'created': '2026-01-25T12:17:43.310345+00:00'}
2026-01-25T12:17:43.409632+00:00 CRITICAL 'ansible_navigator.actions.run_822e._handle_message' Unhandled message from runner queue, discarded: {'event': 'verbose', 'uuid': 'b51ff18c-157f-4cfe-ae28-ee63968bd76a', 'counter': 141, 'stdout': '  -b, --become          run operations with become (does not imply password', 'start_line': 140, 'end_line': 141, 'runner_ident': '9b1a2888-d90c-486a-8cc4-6535b20f0334', 'created': '2026-01-25T12:17:43.310411+00:00'}
2026-01-25T12:17:43.409702+00:00 CRITICAL 'ansible_navigator.actions.run_822e._handle_message' Unhandled message from runner queue, discarded: {'event': 'verbose', 'uuid': '9856ffec-f4f8-4749-a69c-cb882451aea1', 'counter': 142, 'stdout': '                        prompting)', 'start_line': 141, 'end_line': 142, 'runner_ident': '9b1a2888-d90c-486a-8cc4-6535b20f0334', 'created': '2026-01-25T12:17:43.310473+00:00'}
2026-01-27T16:01:28.192456+00:00 WARNING 'ansible_navigator.image_manager.puller._log_message' Image inspection failed, image assumed to be corrupted or missing
2026-01-27T16:01:28.192881+00:00 WARNING 'ansible_navigator.image_manager.puller._log_message' stdout: 
2026-01-27T16:01:28.192922+00:00 WARNING 'ansible_navigator.image_manager.puller._log_message' stderr: Error: current system boot ID differs from cached boot ID; an unhandled reboot has occurred. Please delete directories "/tmp/storage-run-1001/containers" and "/tmp/storage-run-1001/libpod/tmp" and re-run Podman

2026-01-27T16:01:28.214081+00:00 ERROR 'ansible_navigator.image_manager.puller._log_message' Execution environment pull failed
